username,unit,task,gpt_response,error_type,timestamp,difficulty
aidana,–ò–Ω—Ç–µ–≥—Ä–∞–ª—ã,"**–£—Å–ª–æ–≤–∏–µ –∑–∞–¥–∞—á–∏:**

–í—ã—á–∏—Å–ª–∏—Ç–µ –∏–Ω—Ç–µ–≥—Ä–∞–ª, –∏—Å–ø–æ–ª—å–∑—É—è –º–µ—Ç–æ–¥ –∏–Ω—Ç–µ–≥—Ä–∏—Ä–æ–≤–∞–Ω–∏—è –ø–æ —á–∞—Å—Ç—è–º:

$$
\int x e^{2x} \, dx
$$

–ü—Ä–∏–º–µ–Ω–∏—Ç–µ —Ñ–æ—Ä–º—É–ª—É –∏–Ω—Ç–µ–≥—Ä–∏—Ä–æ–≤–∞–Ω–∏—è –ø–æ —á–∞—Å—Ç—è–º, –≥–¥–µ:

$$
u = x, \quad dv = e^{2x} \, dx
$$","**–†–µ—à–µ–Ω–∏–µ –∑–∞–¥–∞—á–∏:**  
–ß—Ç–æ–±—ã –≤—ã—á–∏—Å–ª–∏—Ç—å –∏–Ω—Ç–µ–≥—Ä–∞–ª $$\int x e^{2x} \, dx$$ –º–µ—Ç–æ–¥–æ–º –∏–Ω—Ç–µ–≥—Ä–∏—Ä–æ–≤–∞–Ω–∏—è –ø–æ —á–∞—Å—Ç—è–º, –≤–æ—Å–ø–æ–ª—å–∑—É–µ–º—Å—è —Ñ–æ—Ä–º—É–ª–æ–π:

$$
\int u \, dv = uv - \int v \, du
$$

–ü—É—Å—Ç—å $$u = x$$, —Ç–æ–≥–¥–∞ $$du = dx$$.  
–ü—É—Å—Ç—å $$dv = e^{2x} \, dx$$, —Ç–æ–≥–¥–∞ $$v = \frac{1}{2} e^{2x}$$.

–¢–µ–ø–µ—Ä—å –ø–æ–¥—Å—Ç–∞–≤–∏–º –≤ —Ñ–æ—Ä–º—É–ª—É:

$$
\int x e^{2x} \, dx = x \cdot \frac{1}{2} e^{2x} - \int \frac{1}{2} e^{2x} \, dx
$$

–í—ã—á–∏—Å–ª–∏–º –æ—Å—Ç–∞–≤—à–∏–π—Å—è –∏–Ω—Ç–µ–≥—Ä–∞–ª:

$$
\int \frac{1}{2} e^{2x} \, dx = \frac{1}{2} \cdot \frac{1}{2} e^{2x} = \frac{1}{4} e^{2x}
$$

–¢–∞–∫–∏–º –æ–±—Ä–∞–∑–æ–º, –ø–æ–ª—É—á–∞–µ–º:

$$
x \cdot \frac{1}{2} e^{2x} - \frac{1}{4} e^{2x} + C = \frac{1}{2} x e^{2x} - \frac{1}{4} e^{2x} + C
$$

–≠—Ç–æ —É–ø—Ä–æ—â–∞–µ—Ç—Å—è –¥–æ:

$$
\frac{1}{4} (2x - 1) e^{2x} + C
$$

**–ê–Ω–∞–ª–∏–∑ —Ä–µ—à–µ–Ω–∏—è —É—á–µ–Ω–∏–∫–∞:**  
–£—á–µ–Ω–∏–∫ –Ω–∞–ø–∏—Å–∞–ª: $$x e^{2x} + C$$.

**–í—ã–≤–æ–¥:**  
–†–µ—à–µ–Ω–∏–µ —É—á–µ–Ω–∏–∫–∞ –Ω–µ–≤–µ—Ä–Ω–æ. –û–Ω –Ω–µ —É—á—ë–ª –¥–æ–ø–æ–ª–Ω–∏—Ç–µ–ª—å–Ω—ã–π –∏–Ω—Ç–µ–≥—Ä–∞–ª –∏ –∫–æ—ç—Ñ—Ñ–∏—Ü–∏–µ–Ω—Ç—ã.

**–¢–∏–ø –æ—à–∏–±–∫–∏:**  
–í—ã—á–∏—Å–ª–∏—Ç–µ–ª—å–Ω–∞—è

üë©‚Äçüéì –ü–æ–ø—Ä–æ–±—É–π –µ—â—ë —Ä–∞–∑! –ù–µ –∑–∞–±—ã–≤–∞–π —É—á–∏—Ç—ã–≤–∞—Ç—å –≤—Å–µ —á–∞—Å—Ç–∏ –∏–Ω—Ç–µ–≥—Ä–∏—Ä–æ–≤–∞–Ω–∏—è –ø–æ —á–∞—Å—Ç—è–º.",**,2025-04-19 16:43:41,
aidana,"**–£—Å–ª–æ–≤–∏–µ –∑–∞–¥–∞—á–∏:**

–í—ã—á–∏—Å–ª–∏—Ç–µ –∏–Ω—Ç–µ–≥—Ä–∞–ª, –∏—Å–ø–æ–ª—å–∑—É—è –º–µ—Ç–æ–¥ –∏–Ω—Ç–µ–≥—Ä–∏—Ä–æ–≤–∞–Ω–∏—è –ø–æ —á–∞—Å—Ç—è–º:

$$
\int x e^{2x} \, dx
$$

–ü—Ä–∏–º–µ–Ω–∏—Ç–µ —Ñ–æ—Ä–º—É–ª—É –∏–Ω—Ç–µ–≥—Ä–∏—Ä–æ–≤–∞–Ω–∏—è –ø–æ —á–∞—Å—Ç—è–º, –≥–¥–µ:

$$
u = x, \quad dv = e^{2x} \, dx
$$","**–†–µ—à–µ–Ω–∏–µ –∑–∞–¥–∞—á–∏:**  
–ß—Ç–æ–±—ã –≤—ã—á–∏—Å–ª–∏—Ç—å –∏–Ω—Ç–µ–≥—Ä–∞–ª $$\int x e^{2x} \, dx$$ –º–µ—Ç–æ–¥–æ–º –∏–Ω—Ç–µ–≥—Ä–∏—Ä–æ–≤–∞–Ω–∏—è –ø–æ —á–∞—Å—Ç—è–º, –≤–æ—Å–ø–æ–ª—å–∑—É–µ–º—Å—è —Ñ–æ—Ä–º—É–ª–æ–π:

$$
\int u \, dv = uv - \int v \, du
$$

–ü—É—Å—Ç—å $$u = x$$, —Ç–æ–≥–¥–∞ $$du = dx$$.  
–ü—É—Å—Ç—å $$dv = e^{2x} \, dx$$, —Ç–æ–≥–¥–∞ $$v = \frac{1}{2} e^{2x}$$.

–¢–µ–ø–µ—Ä—å –ø–æ–¥—Å—Ç–∞–≤–∏–º –≤ —Ñ–æ—Ä–º—É–ª—É:

$$
\int x e^{2x} \, dx = x \cdot \frac{1}{2} e^{2x} - \int \frac{1}{2} e^{2x} \, dx
$$

–í—ã—á–∏—Å–ª–∏–º –æ—Å—Ç–∞–≤—à–∏–π—Å—è –∏–Ω—Ç–µ–≥—Ä–∞–ª:

$$
\int \frac{1}{2} e^{2x} \, dx = \frac{1}{2} \cdot \frac{1}{2} e^{2x} = \frac{1}{4} e^{2x}
$$

–¢–∞–∫–∏–º –æ–±—Ä–∞–∑–æ–º, –ø–æ–ª—É—á–∞–µ–º:

$$
x \cdot \frac{1}{2} e^{2x} - \frac{1}{4} e^{2x} + C = \frac{1}{2} x e^{2x} - \frac{1}{4} e^{2x} + C
$$

–≠—Ç–æ —É–ø—Ä–æ—â–∞–µ—Ç—Å—è –¥–æ:

$$
\frac{1}{4} (2x - 1) e^{2x} + C
$$

**–ê–Ω–∞–ª–∏–∑ —Ä–µ—à–µ–Ω–∏—è —É—á–µ–Ω–∏–∫–∞:**  
–£—á–µ–Ω–∏–∫ –Ω–∞–ø–∏—Å–∞–ª: $$x e^{2x} + C$$.

**–í—ã–≤–æ–¥:**  
–†–µ—à–µ–Ω–∏–µ —É—á–µ–Ω–∏–∫–∞ –Ω–µ–≤–µ—Ä–Ω–æ. –û–Ω –Ω–µ —É—á—ë–ª –¥–æ–ø–æ–ª–Ω–∏—Ç–µ–ª—å–Ω—ã–π –∏–Ω—Ç–µ–≥—Ä–∞–ª –∏ –∫–æ—ç—Ñ—Ñ–∏—Ü–∏–µ–Ω—Ç—ã.

**–¢–∏–ø –æ—à–∏–±–∫–∏:**  
–í—ã—á–∏—Å–ª–∏—Ç–µ–ª—å–Ω–∞—è

üë©‚Äçüéì –ü–æ–ø—Ä–æ–±—É–π –µ—â—ë —Ä–∞–∑! –ù–µ –∑–∞–±—ã–≤–∞–π —É—á–∏—Ç—ã–≤–∞—Ç—å –≤—Å–µ —á–∞—Å—Ç–∏ –∏–Ω—Ç–µ–≥—Ä–∏—Ä–æ–≤–∞–Ω–∏—è –ø–æ —á–∞—Å—Ç—è–º.",2025-04-19 16:43:41,,,
aidana,–ò–Ω—Ç–µ–≥—Ä–∞–ª—ã,"**–£—Å–ª–æ–≤–∏–µ –∑–∞–¥–∞—á–∏:**

–í—ã –∏–Ω–∂–µ–Ω–µ—Ä, —Ä–∞–±–æ—Ç–∞—é—â–∏–π –Ω–∞–¥ –ø—Ä–æ–µ–∫—Ç–æ–º, —Ç—Ä–µ–±—É—é—â–∏–º –æ—Ü–µ–Ω–∫–∏ —ç–Ω–µ—Ä–≥–∏–∏, –∑–∞–ø–∞—Å–µ–Ω–Ω–æ–π –≤ –º–µ—Ö–∞–Ω–∏—á–µ—Å–∫–æ–π —Å–∏—Å—Ç–µ–º–µ, –∫–æ—Ç–æ—Ä–∞—è –¥–≤–∞–∂–¥—ã –∏–Ω—Ç–µ–≥—Ä–∏—Ä—É–µ—Ç—Å—è –≤–æ –≤—Ä–µ–º–µ–Ω–∏. –†–∞—Å—Å—á–∏—Ç–∞–π—Ç–µ —Ä–∞–±–æ—Ç—É, –≤—ã–ø–æ–ª–Ω–µ–Ω–Ω—É—é –≤ —Å–∏—Å—Ç–µ–º–µ, –µ—Å–ª–∏ –æ–Ω–∞ –æ–ø–∏—Å—ã–≤–∞–µ—Ç—Å—è —É—Ä–∞–≤–Ω–µ–Ω–∏–µ–º –≤—Ä–∞—â–∞—Ç–µ–ª—å–Ω–æ–≥–æ –¥–≤–∏–∂–µ–Ω–∏—è:

$$
W(t) = \int (t^2 \cos(t)) \, dt
$$

–ò—Å–ø–æ–ª—å–∑—É–π—Ç–µ –º–µ—Ç–æ–¥ –∏–Ω—Ç–µ–≥—Ä–∏—Ä–æ–≤–∞–Ω–∏—è –ø–æ —á–∞—Å—Ç—è–º, —á—Ç–æ–±—ã –Ω–∞–π—Ç–∏ –æ–±—â–∏–π –≤–∏–¥ —Ä–∞–±–æ—Ç—ã $W(t)$, –∏ —Ä–∞—Å—Å—á–∏—Ç–∞–π—Ç–µ –µ—ë –Ω–∞ –∏–Ω—Ç–µ—Ä–≤–∞–ª–µ –æ—Ç $t=0$ –¥–æ $t=\pi$.","**–†–µ—à–µ–Ω–∏–µ –∑–∞–¥–∞—á–∏:**

–†–∞—Å—Å–º–æ—Ç—Ä–∏–º –∏–Ω—Ç–µ–≥—Ä–∞–ª:

$$ W(t) = \int (t^2 \cos(t)) \, dt $$

–ò—Å–ø–æ–ª—å–∑—É–µ–º –º–µ—Ç–æ–¥ –∏–Ω—Ç–µ–≥—Ä–∏—Ä–æ–≤–∞–Ω–∏—è –ø–æ —á–∞—Å—Ç—è–º. –ü—É—Å—Ç—å:

- $$ u = t^2 \Rightarrow du = 2t \, dt $$
- $$ dv = \cos(t) \, dt \Rightarrow v = \sin(t) $$

–ü—Ä–∏–º–µ–Ω–∏–º –º–µ—Ç–æ–¥ –∏–Ω—Ç–µ–≥—Ä–∏—Ä–æ–≤–∞–Ω–∏—è –ø–æ —á–∞—Å—Ç—è–º:

$$ \int u \, dv = uv - \int v \, du $$

–ü–æ–ª—É—á–∞–µ–º:

$$ \int t^2 \cos(t) \, dt = t^2 \sin(t) - \int \sin(t) (2t) \, dt $$

–¢–µ–ø–µ—Ä—å —Ä–µ—à–∏–º –≤—Ç–æ—Ä–æ–π –∏–Ω—Ç–µ–≥—Ä–∞–ª:

$$ \int 2t \sin(t) \, dt $$

–°–Ω–æ–≤–∞ –ø—Ä–∏–º–µ–Ω–∏–º –º–µ—Ç–æ–¥ –∏–Ω—Ç–µ–≥—Ä–∏—Ä–æ–≤–∞–Ω–∏—è –ø–æ —á–∞—Å—Ç—è–º:

- $$ u = 2t \Rightarrow du = 2 \, dt $$
- $$ dv = \sin(t) \, dt \Rightarrow v = -\cos(t) $$

–ò—Ç–∞–∫:

$$ \int 2t \sin(t) \, dt = -2t \cos(t) + 2 \int \cos(t) \, dt $$

$$ = -2t \cos(t) + 2 \sin(t) $$

–¢–µ–ø–µ—Ä—å –ø–æ–¥—Å—Ç–∞–≤–∏–º:

$$ \int t^2 \cos(t) \, dt = t^2 \sin(t) + 2t \cos(t) - 2 \sin(t) + C $$

–†–∞—Å—Å–º–æ—Ç—Ä–∏–º —Ç–µ–ø–µ—Ä—å –∫–æ–Ω–∫—Ä–µ—Ç–Ω—ã–π –∏–Ω—Ç–µ—Ä–≤–∞–ª –æ—Ç $$ t = 0 $$ –¥–æ $$ t = \pi $$:

–ü–æ–¥—Å—Ç–∞–≤–∏–º –≥—Ä–∞–Ω–∏—Ü—ã:

$$ W(\pi) - W(0) = [\pi^2 \sin(\pi) + 2\pi \cos(\pi) - 2 \sin(\pi)] - [0^2 \sin(0) + 2 \cdot 0 \cdot \cos(0) - 2 \sin(0)] $$

$$ = [0 + 2\pi \cdot (-1) - 0] - [0 + 0 - 0] $$

$$ = -2\pi $$

**–ê–Ω–∞–ª–∏–∑ —Ä–µ—à–µ–Ω–∏—è —É—á–µ–Ω–∏–∫–∞:**

–£—á–µ–Ω–∏–∫ –Ω–∞–ø–∏—Å–∞–ª: 5. –≠—Ç–æ —Å–æ–≤–µ—Ä—à–µ–Ω–Ω–æ –Ω–µ —Å–æ–æ—Ç–≤–µ—Ç—Å—Ç–≤—É–µ—Ç –ø—Ä–∞–≤–∏–ª—å–Ω–æ–º—É —Ä–µ—à–µ–Ω–∏—é –∑–∞–¥–∞—á–∏ –∏ –∏–Ω—Ç–µ–≥—Ä–∞–ª—É. –í–æ–∑–º–æ–∂–Ω–æ, –æ–Ω –Ω–µ –ø–æ–Ω–∏–º–∞–ª, –∫–∞–∫ –≤—ã–ø–æ–ª–Ω—è—Ç—å –º–µ—Ç–æ–¥ –∏–Ω—Ç–µ–≥—Ä–∏—Ä–æ–≤–∞–Ω–∏—è –ø–æ —á–∞—Å—Ç—è–º –∏–ª–∏ –Ω–µ–ø—Ä–∞–≤–∏–ª—å–Ω–æ –∏–Ω—Ç–µ—Ä–ø—Ä–µ—Ç–∏—Ä–æ–≤–∞–ª –∑–∞–¥–∞—á—É.

**–í—ã–≤–æ–¥:**  

–†–µ—à–µ–Ω–∏–µ —É—á–µ–Ω–∏–∫–∞ –Ω–µ–≤–µ—Ä–Ω–æ–µ. –£–±–µ–¥–∏—Å—å –æ—Ç—Ä–∞–±–æ—Ç–∞—Ç—å –Ω–∞–≤—ã–∫–∏ –∏–Ω—Ç–µ–≥—Ä–∏—Ä–æ–≤–∞–Ω–∏—è –ø–æ —á–∞—Å—Ç—è–º, —á—Ç–æ–±—ã –≤ –±—É–¥—É—â–µ–º —Ä–µ—à–∞—Ç—å —Ç–∞–∫–∏–µ –∑–∞–¥–∞—á–∏. 

**–¢–∏–ø –æ—à–∏–±–∫–∏:**  
–õ–æ–≥–∏—á–µ—Å–∫–∞—è (–æ—Å–Ω–æ–≤–Ω–∞—è –ø—Ä–æ–±–ª–µ–º–∞ –≤ –ø–æ–¥—Ö–æ–¥–µ –∫ —Ä–µ—à–µ–Ω–∏—é –∑–∞–¥–∞—á–∏).",**,2025-04-19 16:51:00,
aidana,"**–£—Å–ª–æ–≤–∏–µ –∑–∞–¥–∞—á–∏:**

–í—ã –∏–Ω–∂–µ–Ω–µ—Ä, —Ä–∞–±–æ—Ç–∞—é—â–∏–π –Ω–∞–¥ –ø—Ä–æ–µ–∫—Ç–æ–º, —Ç—Ä–µ–±—É—é—â–∏–º –æ—Ü–µ–Ω–∫–∏ —ç–Ω–µ—Ä–≥–∏–∏, –∑–∞–ø–∞—Å–µ–Ω–Ω–æ–π –≤ –º–µ—Ö–∞–Ω–∏—á–µ—Å–∫–æ–π —Å–∏—Å—Ç–µ–º–µ, –∫–æ—Ç–æ—Ä–∞—è –¥–≤–∞–∂–¥—ã –∏–Ω—Ç–µ–≥—Ä–∏—Ä—É–µ—Ç—Å—è –≤–æ –≤—Ä–µ–º–µ–Ω–∏. –†–∞—Å—Å—á–∏—Ç–∞–π—Ç–µ —Ä–∞–±–æ—Ç—É, –≤—ã–ø–æ–ª–Ω–µ–Ω–Ω—É—é –≤ —Å–∏—Å—Ç–µ–º–µ, –µ—Å–ª–∏ –æ–Ω–∞ –æ–ø–∏—Å—ã–≤–∞–µ—Ç—Å—è —É—Ä–∞–≤–Ω–µ–Ω–∏–µ–º –≤—Ä–∞—â–∞—Ç–µ–ª—å–Ω–æ–≥–æ –¥–≤–∏–∂–µ–Ω–∏—è:

$$
W(t) = \int (t^2 \cos(t)) \, dt
$$

–ò—Å–ø–æ–ª—å–∑—É–π—Ç–µ –º–µ—Ç–æ–¥ –∏–Ω—Ç–µ–≥—Ä–∏—Ä–æ–≤–∞–Ω–∏—è –ø–æ —á–∞—Å—Ç—è–º, —á—Ç–æ–±—ã –Ω–∞–π—Ç–∏ –æ–±—â–∏–π –≤–∏–¥ —Ä–∞–±–æ—Ç—ã $W(t)$, –∏ —Ä–∞—Å—Å—á–∏—Ç–∞–π—Ç–µ –µ—ë –Ω–∞ –∏–Ω—Ç–µ—Ä–≤–∞–ª–µ –æ—Ç $t=0$ –¥–æ $t=\pi$.","**–†–µ—à–µ–Ω–∏–µ –∑–∞–¥–∞—á–∏:**

–†–∞—Å—Å–º–æ—Ç—Ä–∏–º –∏–Ω—Ç–µ–≥—Ä–∞–ª:

$$ W(t) = \int (t^2 \cos(t)) \, dt $$

–ò—Å–ø–æ–ª—å–∑—É–µ–º –º–µ—Ç–æ–¥ –∏–Ω—Ç–µ–≥—Ä–∏—Ä–æ–≤–∞–Ω–∏—è –ø–æ —á–∞—Å—Ç—è–º. –ü—É—Å—Ç—å:

- $$ u = t^2 \Rightarrow du = 2t \, dt $$
- $$ dv = \cos(t) \, dt \Rightarrow v = \sin(t) $$

–ü—Ä–∏–º–µ–Ω–∏–º –º–µ—Ç–æ–¥ –∏–Ω—Ç–µ–≥—Ä–∏—Ä–æ–≤–∞–Ω–∏—è –ø–æ —á–∞—Å—Ç—è–º:

$$ \int u \, dv = uv - \int v \, du $$

–ü–æ–ª—É—á–∞–µ–º:

$$ \int t^2 \cos(t) \, dt = t^2 \sin(t) - \int \sin(t) (2t) \, dt $$

–¢–µ–ø–µ—Ä—å —Ä–µ—à–∏–º –≤—Ç–æ—Ä–æ–π –∏–Ω—Ç–µ–≥—Ä–∞–ª:

$$ \int 2t \sin(t) \, dt $$

–°–Ω–æ–≤–∞ –ø—Ä–∏–º–µ–Ω–∏–º –º–µ—Ç–æ–¥ –∏–Ω—Ç–µ–≥—Ä–∏—Ä–æ–≤–∞–Ω–∏—è –ø–æ —á–∞—Å—Ç—è–º:

- $$ u = 2t \Rightarrow du = 2 \, dt $$
- $$ dv = \sin(t) \, dt \Rightarrow v = -\cos(t) $$

–ò—Ç–∞–∫:

$$ \int 2t \sin(t) \, dt = -2t \cos(t) + 2 \int \cos(t) \, dt $$

$$ = -2t \cos(t) + 2 \sin(t) $$

–¢–µ–ø–µ—Ä—å –ø–æ–¥—Å—Ç–∞–≤–∏–º:

$$ \int t^2 \cos(t) \, dt = t^2 \sin(t) + 2t \cos(t) - 2 \sin(t) + C $$

–†–∞—Å—Å–º–æ—Ç—Ä–∏–º —Ç–µ–ø–µ—Ä—å –∫–æ–Ω–∫—Ä–µ—Ç–Ω—ã–π –∏–Ω—Ç–µ—Ä–≤–∞–ª –æ—Ç $$ t = 0 $$ –¥–æ $$ t = \pi $$:

–ü–æ–¥—Å—Ç–∞–≤–∏–º –≥—Ä–∞–Ω–∏—Ü—ã:

$$ W(\pi) - W(0) = [\pi^2 \sin(\pi) + 2\pi \cos(\pi) - 2 \sin(\pi)] - [0^2 \sin(0) + 2 \cdot 0 \cdot \cos(0) - 2 \sin(0)] $$

$$ = [0 + 2\pi \cdot (-1) - 0] - [0 + 0 - 0] $$

$$ = -2\pi $$

**–ê–Ω–∞–ª–∏–∑ —Ä–µ—à–µ–Ω–∏—è —É—á–µ–Ω–∏–∫–∞:**

–£—á–µ–Ω–∏–∫ –Ω–∞–ø–∏—Å–∞–ª: 5. –≠—Ç–æ —Å–æ–≤–µ—Ä—à–µ–Ω–Ω–æ –Ω–µ —Å–æ–æ—Ç–≤–µ—Ç—Å—Ç–≤—É–µ—Ç –ø—Ä–∞–≤–∏–ª—å–Ω–æ–º—É —Ä–µ—à–µ–Ω–∏—é –∑–∞–¥–∞—á–∏ –∏ –∏–Ω—Ç–µ–≥—Ä–∞–ª—É. –í–æ–∑–º–æ–∂–Ω–æ, –æ–Ω –Ω–µ –ø–æ–Ω–∏–º–∞–ª, –∫–∞–∫ –≤—ã–ø–æ–ª–Ω—è—Ç—å –º–µ—Ç–æ–¥ –∏–Ω—Ç–µ–≥—Ä–∏—Ä–æ–≤–∞–Ω–∏—è –ø–æ —á–∞—Å—Ç—è–º –∏–ª–∏ –Ω–µ–ø—Ä–∞–≤–∏–ª—å–Ω–æ –∏–Ω—Ç–µ—Ä–ø—Ä–µ—Ç–∏—Ä–æ–≤–∞–ª –∑–∞–¥–∞—á—É.

**–í—ã–≤–æ–¥:**  

–†–µ—à–µ–Ω–∏–µ —É—á–µ–Ω–∏–∫–∞ –Ω–µ–≤–µ—Ä–Ω–æ–µ. –£–±–µ–¥–∏—Å—å –æ—Ç—Ä–∞–±–æ—Ç–∞—Ç—å –Ω–∞–≤—ã–∫–∏ –∏–Ω—Ç–µ–≥—Ä–∏—Ä–æ–≤–∞–Ω–∏—è –ø–æ —á–∞—Å—Ç—è–º, —á—Ç–æ–±—ã –≤ –±—É–¥—É—â–µ–º —Ä–µ—à–∞—Ç—å —Ç–∞–∫–∏–µ –∑–∞–¥–∞—á–∏. 

**–¢–∏–ø –æ—à–∏–±–∫–∏:**  
–õ–æ–≥–∏—á–µ—Å–∫–∞—è (–æ—Å–Ω–æ–≤–Ω–∞—è –ø—Ä–æ–±–ª–µ–º–∞ –≤ –ø–æ–¥—Ö–æ–¥–µ –∫ —Ä–µ—à–µ–Ω–∏—é –∑–∞–¥–∞—á–∏).",2025-04-19 16:51:00,,,
aidana,–ü—Ä–æ–∏–∑–≤–æ–¥–Ω—ã–µ,"**–£—Å–ª–æ–≤–∏–µ –∑–∞–¥–∞—á–∏:**

–ù–∞–π–¥–∏—Ç–µ –ø—Ä–æ–∏–∑–≤–æ–¥–Ω—É—é —Ñ—É–Ω–∫—Ü–∏–∏:

$$ y = \sin(e^{3x^2 + \ln(x)}) $$

–ò—Å–ø–æ–ª—å–∑—É—è —Ü–µ–ø–Ω–æ–µ –ø—Ä–∞–≤–∏–ª–æ.","**–†–µ—à–µ–Ω–∏–µ –∑–∞–¥–∞—á–∏:**  
–î–ª—è –Ω–∞—Ö–æ–∂–¥–µ–Ω–∏—è –ø—Ä–æ–∏–∑–≤–æ–¥–Ω–æ–π —Ñ—É–Ω–∫—Ü–∏–∏ $$ y = \sin(e^{3x^2 + \ln(x)}) $$ –∏—Å–ø–æ–ª—å–∑—É–µ–º —Ü–µ–ø–Ω–æ–µ –ø—Ä–∞–≤–∏–ª–æ. –ü—É—Å—Ç—å $$ u = e^{3x^2 + \ln(x)} $$, —Ç–æ–≥–¥–∞ $$ y = \sin(u) $$. –ü—Ä–æ–∏–∑–≤–æ–¥–Ω–∞—è –±—É–¥–µ—Ç:

1. –ù–∞–π–¥–µ–º $$ \frac{dy}{du} = \cos(u) $$.
2. –ù–∞–π–¥–µ–º $$ \frac{du}{dx} = e^{3x^2 + \ln(x)} \cdot (6x + \frac{1}{x}) $$ (–ø—Ä–æ–∏–∑–≤–æ–¥–Ω–∞—è —ç–∫—Å–ø–æ–Ω–µ–Ω—Ç—ã –∏ –≤–Ω—É—Ç—Ä–µ–Ω–Ω–µ–π —Ñ—É–Ω–∫—Ü–∏–∏).
3. –°–æ—á–µ—Ç–∞–µ–º: 

$$ \frac{dy}{dx} = \cos(e^{3x^2 + \ln(x)}) \cdot e^{3x^2 + \ln(x)} \cdot (6x + \frac{1}{x}) $$.

**–ê–Ω–∞–ª–∏–∑ —Ä–µ—à–µ–Ω–∏—è —É—á–µ–Ω–∏–∫–∞:**  
–£—á–µ–Ω–∏–∫ –Ω–∞–ø–∏—Å–∞–ª:

$$ y' = \cos\left(e^{3x^2 + \ln x}\right) \cdot e^{3x^2 + \ln x} \cdot \left(6x + \frac{1}{x}\right) $$.

**–í—ã–≤–æ–¥:**  
–†–µ—à–µ–Ω–∏–µ –≤–µ—Ä–Ω–æ–µ. –ú–æ–ª–æ–¥–µ—Ü!

**–¢–∏–ø –æ—à–∏–±–∫–∏:**  
–ü—Ä–∞–≤–∏–ª—å–Ω–æ.",**,2025-04-19 16:57:15,
aidana,"**–£—Å–ª–æ–≤–∏–µ –∑–∞–¥–∞—á–∏:**

–ù–∞–π–¥–∏—Ç–µ –ø—Ä–æ–∏–∑–≤–æ–¥–Ω—É—é —Ñ—É–Ω–∫—Ü–∏–∏:

$$ y = \sin(e^{3x^2 + \ln(x)}) $$

–ò—Å–ø–æ–ª—å–∑—É—è —Ü–µ–ø–Ω–æ–µ –ø—Ä–∞–≤–∏–ª–æ.","**–†–µ—à–µ–Ω–∏–µ –∑–∞–¥–∞—á–∏:**  
–î–ª—è –Ω–∞—Ö–æ–∂–¥–µ–Ω–∏—è –ø—Ä–æ–∏–∑–≤–æ–¥–Ω–æ–π —Ñ—É–Ω–∫—Ü–∏–∏ $$ y = \sin(e^{3x^2 + \ln(x)}) $$ –∏—Å–ø–æ–ª—å–∑—É–µ–º —Ü–µ–ø–Ω–æ–µ –ø—Ä–∞–≤–∏–ª–æ. –ü—É—Å—Ç—å $$ u = e^{3x^2 + \ln(x)} $$, —Ç–æ–≥–¥–∞ $$ y = \sin(u) $$. –ü—Ä–æ–∏–∑–≤–æ–¥–Ω–∞—è –±—É–¥–µ—Ç:

1. –ù–∞–π–¥–µ–º $$ \frac{dy}{du} = \cos(u) $$.
2. –ù–∞–π–¥–µ–º $$ \frac{du}{dx} = e^{3x^2 + \ln(x)} \cdot (6x + \frac{1}{x}) $$ (–ø—Ä–æ–∏–∑–≤–æ–¥–Ω–∞—è —ç–∫—Å–ø–æ–Ω–µ–Ω—Ç—ã –∏ –≤–Ω—É—Ç—Ä–µ–Ω–Ω–µ–π —Ñ—É–Ω–∫—Ü–∏–∏).
3. –°–æ—á–µ—Ç–∞–µ–º: 

$$ \frac{dy}{dx} = \cos(e^{3x^2 + \ln(x)}) \cdot e^{3x^2 + \ln(x)} \cdot (6x + \frac{1}{x}) $$.

**–ê–Ω–∞–ª–∏–∑ —Ä–µ—à–µ–Ω–∏—è —É—á–µ–Ω–∏–∫–∞:**  
–£—á–µ–Ω–∏–∫ –Ω–∞–ø–∏—Å–∞–ª:

$$ y' = \cos\left(e^{3x^2 + \ln x}\right) \cdot e^{3x^2 + \ln x} \cdot \left(6x + \frac{1}{x}\right) $$.

**–í—ã–≤–æ–¥:**  
–†–µ—à–µ–Ω–∏–µ –≤–µ—Ä–Ω–æ–µ. –ú–æ–ª–æ–¥–µ—Ü!

**–¢–∏–ø –æ—à–∏–±–∫–∏:**  
–ü—Ä–∞–≤–∏–ª—å–Ω–æ.",2025-04-19 16:57:15,,,
aidana,–ü—Ä–æ–∏–∑–≤–æ–¥–Ω—ã–µ,"**–£—Å–ª–æ–≤–∏–µ –∑–∞–¥–∞—á–∏:**

–ù–∞–π–¥–∏—Ç–µ –ø—Ä–æ–∏–∑–≤–æ–¥–Ω—É—é —Ñ—É–Ω–∫—Ü–∏–∏ 

$$ y = (2x^3 + 5x^2 - 4x + 7)^{10}. $$ 

–ò—Å–ø–æ–ª—å–∑—É–π—Ç–µ —Ü–µ–ø–Ω–æ–µ –ø—Ä–∞–≤–∏–ª–æ –¥–ª—è —Ä–µ—à–µ–Ω–∏—è –∑–∞–¥–∞—á–∏.","**–†–µ—à–µ–Ω–∏–µ –∑–∞–¥–∞—á–∏:**  
–î–ª—è —Ñ—É–Ω–∫—Ü–∏–∏ $$ y = (2x^3 + 5x^2 - 4x + 7)^{10} $$ –∏—Å–ø–æ–ª—å–∑—É–µ–º —Ü–µ–ø–Ω–æ–µ –ø—Ä–∞–≤–∏–ª–æ. –ü—É—Å—Ç—å $$ u = 2x^3 + 5x^2 - 4x + 7 $$. –¢–æ–≥–¥–∞:

$$ y = u^{10}. $$

–ü—Ä–æ–∏–∑–≤–æ–¥–Ω–∞—è –ø–æ $$ x $$ –±—É–¥–µ—Ç:

$$ \frac{dy}{dx} = 10u^9 \cdot \frac{du}{dx}, $$

–≥–¥–µ 

$$ \frac{du}{dx} = 6x^2 + 10x - 4. $$

–ó–Ω–∞—á–∏—Ç, 

$$ \frac{dy}{dx} = 10(2x^3 + 5x^2 - 4x + 7)^9 \cdot (6x^2 + 10x - 4). $$

**–ê–Ω–∞–ª–∏–∑ —Ä–µ—à–µ–Ω–∏—è —É—á–µ–Ω–∏–∫–∞:**  
–£—á–µ–Ω–∏–∫ –Ω–∞–ø–∏—Å–∞–ª:

$$ y' = 10(2x^3 + 5x^2 - 4x + 7)^9 \cdot (6x^2 + 10x - 4). $$

**–í—ã–≤–æ–¥:**  
–û—Ç–≤–µ—Ç –≤–µ—Ä–Ω—ã–π. –£—á–µ–Ω–∏–∫ –ø—Ä–∞–≤–∏–ª—å–Ω–æ –ø—Ä–∏–º–µ–Ω–∏–ª —Ü–µ–ø–Ω–æ–µ –ø—Ä–∞–≤–∏–ª–æ –∏ –Ω–∞—à–µ–ª –ø—Ä–æ–∏–∑–≤–æ–¥–Ω—É—é –≤–Ω—É—Ç—Ä–µ–Ω–Ω–µ–π —Ñ—É–Ω–∫—Ü–∏–∏.

**–¢–∏–ø –æ—à–∏–±–∫–∏:**  
–ü—Ä–∞–≤–∏–ª—å–Ω–æ.",**,2025-04-19 19:40:04,
aidana,"**–£—Å–ª–æ–≤–∏–µ –∑–∞–¥–∞—á–∏:**

–ù–∞–π–¥–∏—Ç–µ –ø—Ä–æ–∏–∑–≤–æ–¥–Ω—É—é —Ñ—É–Ω–∫—Ü–∏–∏ 

$$ y = (2x^3 + 5x^2 - 4x + 7)^{10}. $$ 

–ò—Å–ø–æ–ª—å–∑—É–π—Ç–µ —Ü–µ–ø–Ω–æ–µ –ø—Ä–∞–≤–∏–ª–æ –¥–ª—è —Ä–µ—à–µ–Ω–∏—è –∑–∞–¥–∞—á–∏.","**–†–µ—à–µ–Ω–∏–µ –∑–∞–¥–∞—á–∏:**  
–î–ª—è —Ñ—É–Ω–∫—Ü–∏–∏ $$ y = (2x^3 + 5x^2 - 4x + 7)^{10} $$ –∏—Å–ø–æ–ª—å–∑—É–µ–º —Ü–µ–ø–Ω–æ–µ –ø—Ä–∞–≤–∏–ª–æ. –ü—É—Å—Ç—å $$ u = 2x^3 + 5x^2 - 4x + 7 $$. –¢–æ–≥–¥–∞:

$$ y = u^{10}. $$

–ü—Ä–æ–∏–∑–≤–æ–¥–Ω–∞—è –ø–æ $$ x $$ –±—É–¥–µ—Ç:

$$ \frac{dy}{dx} = 10u^9 \cdot \frac{du}{dx}, $$

–≥–¥–µ 

$$ \frac{du}{dx} = 6x^2 + 10x - 4. $$

–ó–Ω–∞—á–∏—Ç, 

$$ \frac{dy}{dx} = 10(2x^3 + 5x^2 - 4x + 7)^9 \cdot (6x^2 + 10x - 4). $$

**–ê–Ω–∞–ª–∏–∑ —Ä–µ—à–µ–Ω–∏—è —É—á–µ–Ω–∏–∫–∞:**  
–£—á–µ–Ω–∏–∫ –Ω–∞–ø–∏—Å–∞–ª:

$$ y' = 10(2x^3 + 5x^2 - 4x + 7)^9 \cdot (6x^2 + 10x - 4). $$

**–í—ã–≤–æ–¥:**  
–û—Ç–≤–µ—Ç –≤–µ—Ä–Ω—ã–π. –£—á–µ–Ω–∏–∫ –ø—Ä–∞–≤–∏–ª—å–Ω–æ –ø—Ä–∏–º–µ–Ω–∏–ª —Ü–µ–ø–Ω–æ–µ –ø—Ä–∞–≤–∏–ª–æ –∏ –Ω–∞—à–µ–ª –ø—Ä–æ–∏–∑–≤–æ–¥–Ω—É—é –≤–Ω—É—Ç—Ä–µ–Ω–Ω–µ–π —Ñ—É–Ω–∫—Ü–∏–∏.

**–¢–∏–ø –æ—à–∏–±–∫–∏:**  
–ü—Ä–∞–≤–∏–ª—å–Ω–æ.",2025-04-19 19:40:04,,,
aidana,–ü—Ä–æ–∏–∑–≤–æ–¥–Ω—ã–µ,"**–£—Å–ª–æ–≤–∏–µ –∑–∞–¥–∞—á–∏:**

–ù–∞–π–¥–∏—Ç–µ –ø—Ä–æ–∏–∑–≤–æ–¥–Ω—É—é —Ñ—É–Ω–∫—Ü–∏–∏ \( y \) –ø–æ –ø–µ—Ä–µ–º–µ–Ω–Ω–æ–π \( x \), –µ—Å–ª–∏:

$$ y = \sqrt{\sin(x^2 + 3x)} $$

–ü—Ä–∏–º–µ–Ω–∏—Ç–µ —Ü–µ–ø–Ω–æ–µ –ø—Ä–∞–≤–∏–ª–æ –¥–ª—è —Ä–µ—à–µ–Ω–∏—è –¥–∞–Ω–Ω–æ–π –∑–∞–¥–∞—á–∏.","**–†–µ—à–µ–Ω–∏–µ –∑–∞–¥–∞—á–∏:**  
–ù–∞–π–¥–µ–º –ø—Ä–æ–∏–∑–≤–æ–¥–Ω—É—é —Ñ—É–Ω–∫—Ü–∏–∏ $$ y = \sqrt{\sin(x^2 + 3x)} $$.

–û–±–æ–∑–Ω–∞—á–∏–º:  
$$ u = \sin(x^2 + 3x), \quad z = x^2 + 3x $$  
–¢–æ–≥–¥–∞ $$ y = \sqrt{u} $$.

–ü—Ä–æ–∏–∑–≤–æ–¥–Ω–∞—è $$ y $$ –ø–æ $$ u $$:  
$$ \frac{dy}{du} = \frac{1}{2\sqrt{u}} $$.

–ü—Ä–æ–∏–∑–≤–æ–¥–Ω–∞—è $$ u $$ –ø–æ $$ z $$:  
$$ \frac{du}{dz} = \cos(z) $$.

–ü—Ä–æ–∏–∑–≤–æ–¥–Ω–∞—è $$ z $$ –ø–æ $$ x $$:  
$$ \frac{dz}{dx} = 2x + 3 $$.

–¢–µ–ø–µ—Ä—å –ø—Ä–∏–º–µ–Ω–∏–º —Ü–µ–ø–Ω–æ–µ –ø—Ä–∞–≤–∏–ª–æ:  
$$ \frac{dy}{dx} = \frac{dy}{du} \cdot \frac{du}{dz} \cdot \frac{dz}{dx} = \frac{1}{2\sqrt{\sin(x^2 + 3x)}} \cdot \cos(x^2 + 3x) \cdot (2x + 3) $$.

–¢–∞–∫–∏–º –æ–±—Ä–∞–∑–æ–º:  
$$ \frac{dy}{dx} = \frac{(2x + 3)\cos(x^2 + 3x)}{2\sqrt{\sin(x^2 + 3x)}} $$.

**–ê–Ω–∞–ª–∏–∑ —Ä–µ—à–µ–Ω–∏—è —É—á–µ–Ω–∏–∫–∞:**  
–£—á–µ–Ω–∏–∫ –Ω–∞–ø–∏—Å–∞–ª:  
$$ y' = \cos(x^2 + 3x). $$

**–í—ã–≤–æ–¥:**  
–†–µ—à–µ–Ω–∏–µ —É—á–µ–Ω–∏–∫–∞ –Ω–µ–≤–µ—Ä–Ω–æ. –û–Ω –Ω–µ –ø—Ä–∏–º–µ–Ω–∏–ª —Ü–µ–ø–Ω–æ–µ –ø—Ä–∞–≤–∏–ª–æ –∫–æ—Ä—Ä–µ–∫—Ç–Ω–æ –∏ –Ω–µ —É—á–µ–ª –ø—Ä–æ–∏–∑–≤–æ–¥–Ω—É—é –≤–Ω–µ—à–Ω–µ–π —Ñ—É–Ω–∫—Ü–∏–∏.

**–¢–∏–ø –æ—à–∏–±–∫–∏:**  
–õ–æ–≥–∏—á–µ—Å–∫–∞—è",**,2025-04-19 20:03:08,
aidana,"**–£—Å–ª–æ–≤–∏–µ –∑–∞–¥–∞—á–∏:**

–ù–∞–π–¥–∏—Ç–µ –ø—Ä–æ–∏–∑–≤–æ–¥–Ω—É—é —Ñ—É–Ω–∫—Ü–∏–∏ \( y \) –ø–æ –ø–µ—Ä–µ–º–µ–Ω–Ω–æ–π \( x \), –µ—Å–ª–∏:

$$ y = \sqrt{\sin(x^2 + 3x)} $$

–ü—Ä–∏–º–µ–Ω–∏—Ç–µ —Ü–µ–ø–Ω–æ–µ –ø—Ä–∞–≤–∏–ª–æ –¥–ª—è —Ä–µ—à–µ–Ω–∏—è –¥–∞–Ω–Ω–æ–π –∑–∞–¥–∞—á–∏.","**–†–µ—à–µ–Ω–∏–µ –∑–∞–¥–∞—á–∏:**  
–ù–∞–π–¥–µ–º –ø—Ä–æ–∏–∑–≤–æ–¥–Ω—É—é —Ñ—É–Ω–∫—Ü–∏–∏ $$ y = \sqrt{\sin(x^2 + 3x)} $$.

–û–±–æ–∑–Ω–∞—á–∏–º:  
$$ u = \sin(x^2 + 3x), \quad z = x^2 + 3x $$  
–¢–æ–≥–¥–∞ $$ y = \sqrt{u} $$.

–ü—Ä–æ–∏–∑–≤–æ–¥–Ω–∞—è $$ y $$ –ø–æ $$ u $$:  
$$ \frac{dy}{du} = \frac{1}{2\sqrt{u}} $$.

–ü—Ä–æ–∏–∑–≤–æ–¥–Ω–∞—è $$ u $$ –ø–æ $$ z $$:  
$$ \frac{du}{dz} = \cos(z) $$.

–ü—Ä–æ–∏–∑–≤–æ–¥–Ω–∞—è $$ z $$ –ø–æ $$ x $$:  
$$ \frac{dz}{dx} = 2x + 3 $$.

–¢–µ–ø–µ—Ä—å –ø—Ä–∏–º–µ–Ω–∏–º —Ü–µ–ø–Ω–æ–µ –ø—Ä–∞–≤–∏–ª–æ:  
$$ \frac{dy}{dx} = \frac{dy}{du} \cdot \frac{du}{dz} \cdot \frac{dz}{dx} = \frac{1}{2\sqrt{\sin(x^2 + 3x)}} \cdot \cos(x^2 + 3x) \cdot (2x + 3) $$.

–¢–∞–∫–∏–º –æ–±—Ä–∞–∑–æ–º:  
$$ \frac{dy}{dx} = \frac{(2x + 3)\cos(x^2 + 3x)}{2\sqrt{\sin(x^2 + 3x)}} $$.

**–ê–Ω–∞–ª–∏–∑ —Ä–µ—à–µ–Ω–∏—è —É—á–µ–Ω–∏–∫–∞:**  
–£—á–µ–Ω–∏–∫ –Ω–∞–ø–∏—Å–∞–ª:  
$$ y' = \cos(x^2 + 3x). $$

**–í—ã–≤–æ–¥:**  
–†–µ—à–µ–Ω–∏–µ —É—á–µ–Ω–∏–∫–∞ –Ω–µ–≤–µ—Ä–Ω–æ. –û–Ω –Ω–µ –ø—Ä–∏–º–µ–Ω–∏–ª —Ü–µ–ø–Ω–æ–µ –ø—Ä–∞–≤–∏–ª–æ –∫–æ—Ä—Ä–µ–∫—Ç–Ω–æ –∏ –Ω–µ —É—á–µ–ª –ø—Ä–æ–∏–∑–≤–æ–¥–Ω—É—é –≤–Ω–µ—à–Ω–µ–π —Ñ—É–Ω–∫—Ü–∏–∏.

**–¢–∏–ø –æ—à–∏–±–∫–∏:**  
–õ–æ–≥–∏—á–µ—Å–∫–∞—è",2025-04-19 20:03:08,,,
aidana,–ò–Ω—Ç–µ–≥—Ä–∞–ª—ã,"**–£—Å–ª–æ–≤–∏–µ –∑–∞–¥–∞—á–∏:**

–í—ã—á–∏—Å–ª–∏—Ç–µ –∏–Ω—Ç–µ–≥—Ä–∞–ª, –∏—Å–ø–æ–ª—å–∑—É—è –º–µ—Ç–æ–¥ –ø–æ–¥—Å—Ç–∞–Ω–æ–≤–∫–∏:

$$
\int \frac{x \cdot e^{x^2 + 3}}{2} \, dx
$$","**–†–µ—à–µ–Ω–∏–µ –∑–∞–¥–∞—á–∏:**  
–î–ª—è –∏–Ω—Ç–µ–≥—Ä–∞–ª–∞ $$\int \frac{x \cdot e^{x^2 + 3}}{2} \, dx$$ –∏—Å–ø–æ–ª—å–∑—É–µ–º –ø–æ–¥—Å—Ç–∞–Ω–æ–≤–∫—É.

–ü—É—Å—Ç—å $$u = x^2 + 3$$, —Ç–æ–≥–¥–∞ –ø—Ä–æ–∏–∑–≤–æ–¥–Ω–∞—è $$\frac{du}{dx} = 2x$$ –∏–ª–∏ $$du = 2x \, dx$$. –û—Ç—Å—é–¥–∞ $$x \, dx = \frac{1}{2} \, du$$.

–ò–Ω—Ç–µ–≥—Ä–∞–ª —Å—Ç–∞–Ω–æ–≤–∏—Ç—Å—è:

$$
\int \frac{e^u}{4} \, du = \frac{1}{4} \int e^u \, du = \frac{1}{4} e^u + C = \frac{1}{4} e^{x^2 + 3} + C.
$$

**–ê–Ω–∞–ª–∏–∑ —Ä–µ—à–µ–Ω–∏—è —É—á–µ–Ω–∏–∫–∞:**  
–£—á–µ–Ω–∏–∫ –Ω–∞—á–∏–Ω–∞–µ—Ç —Å –ø–æ–¥—Å—Ç–∞–Ω–æ–≤–∫–∏: $$u = x^2 + 3$$.

**–í—ã–≤–æ–¥:**  
–£—á–µ–Ω–∏–∫ —Å–¥–µ–ª–∞–ª –ø—Ä–∞–≤–∏–ª—å–Ω—É—é –ø–æ–¥—Å—Ç–∞–Ω–æ–≤–∫—É. –ï—Å–ª–∏ –æ–Ω –ø—Ä–æ–¥–æ–ª–∂–∏–ª –¥–∞–ª—å—à–µ –∫–∞–∫ –æ–ø–∏—Å–∞–Ω–æ, —Ç–æ —Ä–µ—à–µ–Ω–∏–µ –≤–µ—Ä–Ω–æ–µ. –û—Ç–ª–∏—á–Ω–∞—è —Ä–∞–±–æ—Ç–∞!

**–¢–∏–ø –æ—à–∏–±–∫–∏:**  
–ü—Ä–∞–≤–∏–ª—å–Ω–æ.",**,2025-04-19 20:48:17,
aidana,"**–£—Å–ª–æ–≤–∏–µ –∑–∞–¥–∞—á–∏:**

–í—ã—á–∏—Å–ª–∏—Ç–µ –∏–Ω—Ç–µ–≥—Ä–∞–ª, –∏—Å–ø–æ–ª—å–∑—É—è –º–µ—Ç–æ–¥ –ø–æ–¥—Å—Ç–∞–Ω–æ–≤–∫–∏:

$$
\int \frac{x \cdot e^{x^2 + 3}}{2} \, dx
$$","**–†–µ—à–µ–Ω–∏–µ –∑–∞–¥–∞—á–∏:**  
–î–ª—è –∏–Ω—Ç–µ–≥—Ä–∞–ª–∞ $$\int \frac{x \cdot e^{x^2 + 3}}{2} \, dx$$ –∏—Å–ø–æ–ª—å–∑—É–µ–º –ø–æ–¥—Å—Ç–∞–Ω–æ–≤–∫—É.

–ü—É—Å—Ç—å $$u = x^2 + 3$$, —Ç–æ–≥–¥–∞ –ø—Ä–æ–∏–∑–≤–æ–¥–Ω–∞—è $$\frac{du}{dx} = 2x$$ –∏–ª–∏ $$du = 2x \, dx$$. –û—Ç—Å—é–¥–∞ $$x \, dx = \frac{1}{2} \, du$$.

–ò–Ω—Ç–µ–≥—Ä–∞–ª —Å—Ç–∞–Ω–æ–≤–∏—Ç—Å—è:

$$
\int \frac{e^u}{4} \, du = \frac{1}{4} \int e^u \, du = \frac{1}{4} e^u + C = \frac{1}{4} e^{x^2 + 3} + C.
$$

**–ê–Ω–∞–ª–∏–∑ —Ä–µ—à–µ–Ω–∏—è —É—á–µ–Ω–∏–∫–∞:**  
–£—á–µ–Ω–∏–∫ –Ω–∞—á–∏–Ω–∞–µ—Ç —Å –ø–æ–¥—Å—Ç–∞–Ω–æ–≤–∫–∏: $$u = x^2 + 3$$.

**–í—ã–≤–æ–¥:**  
–£—á–µ–Ω–∏–∫ —Å–¥–µ–ª–∞–ª –ø—Ä–∞–≤–∏–ª—å–Ω—É—é –ø–æ–¥—Å—Ç–∞–Ω–æ–≤–∫—É. –ï—Å–ª–∏ –æ–Ω –ø—Ä–æ–¥–æ–ª–∂–∏–ª –¥–∞–ª—å—à–µ –∫–∞–∫ –æ–ø–∏—Å–∞–Ω–æ, —Ç–æ —Ä–µ—à–µ–Ω–∏–µ –≤–µ—Ä–Ω–æ–µ. –û—Ç–ª–∏—á–Ω–∞—è —Ä–∞–±–æ—Ç–∞!

**–¢–∏–ø –æ—à–∏–±–∫–∏:**  
–ü—Ä–∞–≤–∏–ª—å–Ω–æ.",2025-04-19 20:48:17,,,
aidana,–ò–Ω—Ç–µ–≥—Ä–∞–ª—ã,"**–£—Å–ª–æ–≤–∏–µ –∑–∞–¥–∞—á–∏:**

–í–∞–º –Ω–µ–æ–±—Ö–æ–¥–∏–º–æ —Ä–∞—Å—Å—á–∏—Ç–∞—Ç—å –ø–ª–æ—â–∞–¥—å —É—á–∞—Å—Ç–∫–∞ –∑–µ–º–ª–∏, –≥—Ä–∞–Ω–∏—Ü—ã –∫–æ—Ç–æ—Ä–æ–≥–æ –∑–∞–¥–∞—é—Ç—Å—è –∫—Ä–∏–≤–æ–π, –æ–ø–∏—Å—ã–≤–∞–µ–º–æ–π —É—Ä–∞–≤–Ω–µ–Ω–∏–µ–º. –§–µ—Ä–º–µ—Ä –ø–ª–∞–Ω–∏—Ä—É–µ—Ç –æ–≥–æ—Ä–æ–¥–∏—Ç—å —ç—Ç–æ—Ç —É—á–∞—Å—Ç–æ–∫ –∏ –∑–∞—Å–∞–¥–∏—Ç—å –µ–≥–æ –≤–∏–Ω–æ–≥—Ä–∞–¥–æ–º. –ö—Ä–∏–≤–∞—è –∑–∞–¥–∞—ë—Ç—Å—è —É—Ä–∞–≤–Ω–µ–Ω–∏–µ–º \( y = \sqrt{x + 1} \), –∏ –æ–Ω–∞ –ø–µ—Ä–µ—Å–µ–∫–∞–µ—Ç –æ—Å—å –∞–±—Å—Ü–∏—Å—Å –≤ —Ç–æ—á–∫–µ \( x = 3 \). –û–ø—Ä–µ–¥–µ–ª–∏—Ç–µ –ø–ª–æ—â–∞–¥—å —É—á–∞—Å—Ç–∫–∞ –∑–µ–º–ª–∏ –ø–æ–¥ —ç—Ç–æ–π –∫—Ä–∏–≤–æ–π –æ—Ç —Ç–æ—á–∫–∏ \( x = 0 \) –¥–æ —Ç–æ—á–∫–∏ –ø–µ—Ä–µ—Å–µ—á–µ–Ω–∏—è —Å –æ—Å—å—é –∞–±—Å—Ü–∏—Å—Å.

–ù–∞–π–¥–∏—Ç–µ –ø–ª–æ—â–∞–¥—å, –∏—Å–ø–æ–ª—å–∑—É—è –º–µ—Ç–æ–¥ –∏–Ω—Ç–µ–≥—Ä–∏—Ä–æ–≤–∞–Ω–∏—è –ø–æ –ø–æ–¥—Å—Ç–∞–Ω–æ–≤–∫–µ.

\[
\int_0^3 \sqrt{x + 1} \, dx
\]","**–†–µ—à–µ–Ω–∏–µ –∑–∞–¥–∞—á–∏:**  
–ß—Ç–æ–±—ã —Ä–µ—à–∏—Ç—å –¥–∞–Ω–Ω—ã–π –∏–Ω—Ç–µ–≥—Ä–∞–ª, –∏—Å–ø–æ–ª—å–∑—É–µ–º –ø–æ–¥—Å—Ç–∞–Ω–æ–≤–∫—É. –ü—É—Å—Ç—å $$u = x + 1$$, —Ç–æ–≥–¥–∞ $$du = dx$$. –ü—Ä–µ–¥–µ–ª—ã –∏–Ω—Ç–µ–≥—Ä–∏—Ä–æ–≤–∞–Ω–∏—è –∏–∑–º–µ–Ω—è—é—Ç—Å—è —Å–æ–æ—Ç–≤–µ—Ç—Å—Ç–≤–µ–Ω–Ω–æ: –ø—Ä–∏ $$x = 0, u = 1$$, –∞ –ø—Ä–∏ $$x = 3, u = 4$$.

–ò–Ω—Ç–µ–≥—Ä–∞–ª –ø—Ä–∏–Ω–∏–º–∞–µ—Ç –≤–∏–¥:

\[
\int_1^4 \sqrt{u} \, du
\]

–ò–Ω—Ç–µ–≥—Ä–∏—Ä—É–µ–º:

\[
\int_1^4 u^{1/2} \, du = \left[ \frac{2}{3} u^{3/2} \right]_1^4
\]

–ü–æ–¥—Å—Ç–∞–≤–∏–º –ø—Ä–µ–¥–µ–ª—ã –∏–Ω—Ç–µ–≥—Ä–∏—Ä–æ–≤–∞–Ω–∏—è:

\[
\frac{2}{3} \times 4^{3/2} - \frac{2}{3} \times 1^{3/2}
\]

\[
= \frac{2}{3} \times 8 - \frac{2}{3} \times 1
\]

\[
= \frac{16}{3} - \frac{2}{3} = \frac{14}{3}
\]

**–ê–Ω–∞–ª–∏–∑ —Ä–µ—à–µ–Ω–∏—è —É—á–µ–Ω–∏–∫–∞:**  
–£—á–µ–Ω–∏–∫ –Ω–∞–ø–∏—Å–∞–ª ""Sinx"", —á—Ç–æ –Ω–µ –∏–º–µ–µ—Ç –æ—Ç–Ω–æ—à–µ–Ω–∏—è –∫ —Ä–µ—à–µ–Ω–∏—é –¥–∞–Ω–Ω–æ–≥–æ –∏–Ω—Ç–µ–≥—Ä–∞–ª–∞.

**–í—ã–≤–æ–¥:**  
–†–µ—à–µ–Ω–∏–µ —É—á–µ–Ω–∏–∫–∞ –Ω–µ–≤–µ—Ä–Ω–æ. –ü–æ–ø—Ä–æ–±—É–π —Å–æ—Å—Ä–µ–¥–æ—Ç–æ—á–∏—Ç—å—Å—è –∏ –µ—â–µ —Ä–∞–∑ –ø—Ä–æ—Ä–∞–±–æ—Ç–∞—Ç—å –∏–Ω—Ç–µ–≥—Ä–∞–ª.

**–¢–∏–ø –æ—à–∏–±–∫–∏:**  
–ù–µ–ø—Ä–∞–≤–∏–ª—å–Ω–æ–µ –ø—Ä–æ—á—Ç–µ–Ω–∏–µ –∑–∞–¥–∞—á–∏.",**,2025-04-22 20:31:41,
aidana,"**–£—Å–ª–æ–≤–∏–µ –∑–∞–¥–∞—á–∏:**

–í–∞–º –Ω–µ–æ–±—Ö–æ–¥–∏–º–æ —Ä–∞—Å—Å—á–∏—Ç–∞—Ç—å –ø–ª–æ—â–∞–¥—å —É—á–∞—Å—Ç–∫–∞ –∑–µ–º–ª–∏, –≥—Ä–∞–Ω–∏—Ü—ã –∫–æ—Ç–æ—Ä–æ–≥–æ –∑–∞–¥–∞—é—Ç—Å—è –∫—Ä–∏–≤–æ–π, –æ–ø–∏—Å—ã–≤–∞–µ–º–æ–π —É—Ä–∞–≤–Ω–µ–Ω–∏–µ–º. –§–µ—Ä–º–µ—Ä –ø–ª–∞–Ω–∏—Ä—É–µ—Ç –æ–≥–æ—Ä–æ–¥–∏—Ç—å —ç—Ç–æ—Ç —É—á–∞—Å—Ç–æ–∫ –∏ –∑–∞—Å–∞–¥–∏—Ç—å –µ–≥–æ –≤–∏–Ω–æ–≥—Ä–∞–¥–æ–º. –ö—Ä–∏–≤–∞—è –∑–∞–¥–∞—ë—Ç—Å—è —É—Ä–∞–≤–Ω–µ–Ω–∏–µ–º \( y = \sqrt{x + 1} \), –∏ –æ–Ω–∞ –ø–µ—Ä–µ—Å–µ–∫–∞–µ—Ç –æ—Å—å –∞–±—Å—Ü–∏—Å—Å –≤ —Ç–æ—á–∫–µ \( x = 3 \). –û–ø—Ä–µ–¥–µ–ª–∏—Ç–µ –ø–ª–æ—â–∞–¥—å —É—á–∞—Å—Ç–∫–∞ –∑–µ–º–ª–∏ –ø–æ–¥ —ç—Ç–æ–π –∫—Ä–∏–≤–æ–π –æ—Ç —Ç–æ—á–∫–∏ \( x = 0 \) –¥–æ —Ç–æ—á–∫–∏ –ø–µ—Ä–µ—Å–µ—á–µ–Ω–∏—è —Å –æ—Å—å—é –∞–±—Å—Ü–∏—Å—Å.

–ù–∞–π–¥–∏—Ç–µ –ø–ª–æ—â–∞–¥—å, –∏—Å–ø–æ–ª—å–∑—É—è –º–µ—Ç–æ–¥ –∏–Ω—Ç–µ–≥—Ä–∏—Ä–æ–≤–∞–Ω–∏—è –ø–æ –ø–æ–¥—Å—Ç–∞–Ω–æ–≤–∫–µ.

\[
\int_0^3 \sqrt{x + 1} \, dx
\]","**–†–µ—à–µ–Ω–∏–µ –∑–∞–¥–∞—á–∏:**  
–ß—Ç–æ–±—ã —Ä–µ—à–∏—Ç—å –¥–∞–Ω–Ω—ã–π –∏–Ω—Ç–µ–≥—Ä–∞–ª, –∏—Å–ø–æ–ª—å–∑—É–µ–º –ø–æ–¥—Å—Ç–∞–Ω–æ–≤–∫—É. –ü—É—Å—Ç—å $$u = x + 1$$, —Ç–æ–≥–¥–∞ $$du = dx$$. –ü—Ä–µ–¥–µ–ª—ã –∏–Ω—Ç–µ–≥—Ä–∏—Ä–æ–≤–∞–Ω–∏—è –∏–∑–º–µ–Ω—è—é—Ç—Å—è —Å–æ–æ—Ç–≤–µ—Ç—Å—Ç–≤–µ–Ω–Ω–æ: –ø—Ä–∏ $$x = 0, u = 1$$, –∞ –ø—Ä–∏ $$x = 3, u = 4$$.

–ò–Ω—Ç–µ–≥—Ä–∞–ª –ø—Ä–∏–Ω–∏–º–∞–µ—Ç –≤–∏–¥:

\[
\int_1^4 \sqrt{u} \, du
\]

–ò–Ω—Ç–µ–≥—Ä–∏—Ä—É–µ–º:

\[
\int_1^4 u^{1/2} \, du = \left[ \frac{2}{3} u^{3/2} \right]_1^4
\]

–ü–æ–¥—Å—Ç–∞–≤–∏–º –ø—Ä–µ–¥–µ–ª—ã –∏–Ω—Ç–µ–≥—Ä–∏—Ä–æ–≤–∞–Ω–∏—è:

\[
\frac{2}{3} \times 4^{3/2} - \frac{2}{3} \times 1^{3/2}
\]

\[
= \frac{2}{3} \times 8 - \frac{2}{3} \times 1
\]

\[
= \frac{16}{3} - \frac{2}{3} = \frac{14}{3}
\]

**–ê–Ω–∞–ª–∏–∑ —Ä–µ—à–µ–Ω–∏—è —É—á–µ–Ω–∏–∫–∞:**  
–£—á–µ–Ω–∏–∫ –Ω–∞–ø–∏—Å–∞–ª ""Sinx"", —á—Ç–æ –Ω–µ –∏–º–µ–µ—Ç –æ—Ç–Ω–æ—à–µ–Ω–∏—è –∫ —Ä–µ—à–µ–Ω–∏—é –¥–∞–Ω–Ω–æ–≥–æ –∏–Ω—Ç–µ–≥—Ä–∞–ª–∞.

**–í—ã–≤–æ–¥:**  
–†–µ—à–µ–Ω–∏–µ —É—á–µ–Ω–∏–∫–∞ –Ω–µ–≤–µ—Ä–Ω–æ. –ü–æ–ø—Ä–æ–±—É–π —Å–æ—Å—Ä–µ–¥–æ—Ç–æ—á–∏—Ç—å—Å—è –∏ –µ—â–µ —Ä–∞–∑ –ø—Ä–æ—Ä–∞–±–æ—Ç–∞—Ç—å –∏–Ω—Ç–µ–≥—Ä–∞–ª.

**–¢–∏–ø –æ—à–∏–±–∫–∏:**  
–ù–µ–ø—Ä–∞–≤–∏–ª—å–Ω–æ–µ –ø—Ä–æ—á—Ç–µ–Ω–∏–µ –∑–∞–¥–∞—á–∏.",2025-04-22 20:31:41,,,
aidana,–ò–Ω—Ç–µ–≥—Ä–∞–ª—ã,"**–£—Å–ª–æ–≤–∏–µ –∑–∞–¥–∞—á–∏:**

–í—ã—á–∏—Å–ª–∏—Ç–µ —Å–ª–µ–¥—É—é—â–∏–π –∏–Ω—Ç–µ–≥—Ä–∞–ª, –∏—Å–ø–æ–ª—å–∑—É—è –º–µ—Ç–æ–¥ –∏–Ω—Ç–µ–≥—Ä–∏—Ä–æ–≤–∞–Ω–∏—è –ø–æ —á–∞—Å—Ç—è–º:

$$ \int x^2 e^{3x} \, dx $$

–ü–æ–¥—Å–∫–∞–∑–∫–∞: –ò—Å–ø–æ–ª—å–∑—É–π—Ç–µ —Ñ–æ—Ä–º—É–ª—É –∏–Ω—Ç–µ–≥—Ä–∏—Ä–æ–≤–∞–Ω–∏—è –ø–æ —á–∞—Å—Ç—è–º: 

$$ \int u \, dv = uv - \int v \, du $$ 

–≥–¥–µ $$u$$ –∏ $$dv$$ ‚Äî —Ñ—É–Ω–∫—Ü–∏–∏, –∫–æ—Ç–æ—Ä—ã–µ –Ω—É–∂–Ω–æ –≤—ã–±—Ä–∞—Ç—å —Å —É—á—ë—Ç–æ–º —É–ø—Ä–æ—â–µ–Ω–∏—è –∏–Ω—Ç–µ–≥—Ä–∞–ª–∞.","**–†–µ—à–µ–Ω–∏–µ –∑–∞–¥–∞—á–∏:**  

–î–ª—è –∏–Ω—Ç–µ–≥—Ä–∞–ª–∞ $$ \int x^2 e^{3x} \, dx $$ –ø—Ä–∏–º–µ–Ω–∏–º –º–µ—Ç–æ–¥ –∏–Ω—Ç–µ–≥—Ä–∏—Ä–æ–≤–∞–Ω–∏—è –ø–æ —á–∞—Å—Ç—è–º. –í—ã–±–∏—Ä–∞–µ–º:

- $$ u = x^2 \Rightarrow du = 2x \, dx $$
- $$ dv = e^{3x} \, dx \Rightarrow v = \frac{1}{3} e^{3x} $$

–ü—Ä–∏–º–µ–Ω—è–µ–º —Ñ–æ—Ä–º—É–ª—É –∏–Ω—Ç–µ–≥—Ä–∏—Ä–æ–≤–∞–Ω–∏—è –ø–æ —á–∞—Å—Ç—è–º:

$$ \int u \, dv = uv - \int v \, du $$

–ü–æ–¥—Å—Ç–∞–≤–∏–º:

$$ \int x^2 e^{3x} \, dx = \frac{1}{3} x^2 e^{3x} - \int \frac{1}{3} e^{3x} \cdot 2x \, dx $$

$$ = \frac{1}{3} x^2 e^{3x} - \frac{2}{3} \int x e^{3x} \, dx $$

–¢–µ–ø–µ—Ä—å –ø—Ä–∏–º–µ–Ω–∏–º –º–µ—Ç–æ–¥ –∏–Ω—Ç–µ–≥—Ä–∏—Ä–æ–≤–∞–Ω–∏—è –ø–æ —á–∞—Å—Ç—è–º –∫–æ –≤—Ç–æ—Ä–æ–º—É –∏–Ω—Ç–µ–≥—Ä–∞–ª—É:  

–í—ã–±–∏—Ä–∞–µ–º:

- $$ u = x \Rightarrow du = dx $$
- $$ dv = e^{3x} \, dx \Rightarrow v = \frac{1}{3} e^{3x} $$

–ü–æ–¥—Å—Ç–∞–≤–∏–º:

$$ \int x e^{3x} \, dx = \frac{1}{3} x e^{3x} - \int \frac{1}{3} e^{3x} \, dx $$

$$ = \frac{1}{3} x e^{3x} - \frac{1}{9} e^{3x} $$

–¢–µ–ø–µ—Ä—å –≤–µ—Ä–Ω–µ–º—Å—è –∫ –æ—Å–Ω–æ–≤–Ω–æ–º—É –∏–Ω—Ç–µ–≥—Ä–∞–ª—É:  

$$ \int x^2 e^{3x} \, dx = \frac{1}{3} x^2 e^{3x} - \frac{2}{3} \left( \frac{1}{3} x e^{3x} - \frac{1}{9} e^{3x} \right) $$

$$ = \frac{1}{3} x^2 e^{3x} - \frac{2}{9} x e^{3x} + \frac{2}{27} e^{3x} + C $$

**–ê–Ω–∞–ª–∏–∑ —Ä–µ—à–µ–Ω–∏—è —É—á–µ–Ω–∏–∫–∞:**  

–£—á–µ–Ω–∏–∫ –Ω–∞–ø–∏—Å–∞–ª: $$ e^x - x + 7 $$

**–í—ã–≤–æ–¥:**  
–†–µ—à–µ–Ω–∏–µ –Ω–µ–≤–µ—Ä–Ω–æ. –£—á–µ–Ω–∏–∫ –Ω–µ –ø—Ä–∏–º–µ–Ω–∏–ª –º–µ—Ç–æ–¥ –∏–Ω—Ç–µ–≥—Ä–∏—Ä–æ–≤–∞–Ω–∏—è –ø–æ —á–∞—Å—Ç—è–º –∏ –Ω–µ –ø–æ–ª—É—á–∏–ª –ø—Ä–∞–≤–∏–ª—å–Ω—ã–π –æ—Ç–≤–µ—Ç.

**–¢–∏–ø –æ—à–∏–±–∫–∏:**  
–õ–æ–≥–∏—á–µ—Å–∫–∞—è. –£—á–µ–Ω–∏–∫ –Ω–µ –∏—Å–ø–æ–ª—å–∑–æ–≤–∞–ª –ø—Ä–µ–¥–ª–∞–≥–∞–µ–º—ã–π –º–µ—Ç–æ–¥ —Ä–µ—à–µ–Ω–∏—è –∏ –ø–æ–ª—É—á–∏–ª –Ω–µ–ø—Ä–∞–≤–¥–æ–ø–æ–¥–æ–±–Ω—ã–π —Ä–µ–∑—É–ª—å—Ç–∞—Ç.",**,2025-04-22 20:39:20,
aidana,"**–£—Å–ª–æ–≤–∏–µ –∑–∞–¥–∞—á–∏:**

–í—ã—á–∏—Å–ª–∏—Ç–µ —Å–ª–µ–¥—É—é—â–∏–π –∏–Ω—Ç–µ–≥—Ä–∞–ª, –∏—Å–ø–æ–ª—å–∑—É—è –º–µ—Ç–æ–¥ –∏–Ω—Ç–µ–≥—Ä–∏—Ä–æ–≤–∞–Ω–∏—è –ø–æ —á–∞—Å—Ç—è–º:

$$ \int x^2 e^{3x} \, dx $$

–ü–æ–¥—Å–∫–∞–∑–∫–∞: –ò—Å–ø–æ–ª—å–∑—É–π—Ç–µ —Ñ–æ—Ä–º—É–ª—É –∏–Ω—Ç–µ–≥—Ä–∏—Ä–æ–≤–∞–Ω–∏—è –ø–æ —á–∞—Å—Ç—è–º: 

$$ \int u \, dv = uv - \int v \, du $$ 

–≥–¥–µ $$u$$ –∏ $$dv$$ ‚Äî —Ñ—É–Ω–∫—Ü–∏–∏, –∫–æ—Ç–æ—Ä—ã–µ –Ω—É–∂–Ω–æ –≤—ã–±—Ä–∞—Ç—å —Å —É—á—ë—Ç–æ–º —É–ø—Ä–æ—â–µ–Ω–∏—è –∏–Ω—Ç–µ–≥—Ä–∞–ª–∞.","**–†–µ—à–µ–Ω–∏–µ –∑–∞–¥–∞—á–∏:**  

–î–ª—è –∏–Ω—Ç–µ–≥—Ä–∞–ª–∞ $$ \int x^2 e^{3x} \, dx $$ –ø—Ä–∏–º–µ–Ω–∏–º –º–µ—Ç–æ–¥ –∏–Ω—Ç–µ–≥—Ä–∏—Ä–æ–≤–∞–Ω–∏—è –ø–æ —á–∞—Å—Ç—è–º. –í—ã–±–∏—Ä–∞–µ–º:

- $$ u = x^2 \Rightarrow du = 2x \, dx $$
- $$ dv = e^{3x} \, dx \Rightarrow v = \frac{1}{3} e^{3x} $$

–ü—Ä–∏–º–µ–Ω—è–µ–º —Ñ–æ—Ä–º—É–ª—É –∏–Ω—Ç–µ–≥—Ä–∏—Ä–æ–≤–∞–Ω–∏—è –ø–æ —á–∞—Å—Ç—è–º:

$$ \int u \, dv = uv - \int v \, du $$

–ü–æ–¥—Å—Ç–∞–≤–∏–º:

$$ \int x^2 e^{3x} \, dx = \frac{1}{3} x^2 e^{3x} - \int \frac{1}{3} e^{3x} \cdot 2x \, dx $$

$$ = \frac{1}{3} x^2 e^{3x} - \frac{2}{3} \int x e^{3x} \, dx $$

–¢–µ–ø–µ—Ä—å –ø—Ä–∏–º–µ–Ω–∏–º –º–µ—Ç–æ–¥ –∏–Ω—Ç–µ–≥—Ä–∏—Ä–æ–≤–∞–Ω–∏—è –ø–æ —á–∞—Å—Ç—è–º –∫–æ –≤—Ç–æ—Ä–æ–º—É –∏–Ω—Ç–µ–≥—Ä–∞–ª—É:  

–í—ã–±–∏—Ä–∞–µ–º:

- $$ u = x \Rightarrow du = dx $$
- $$ dv = e^{3x} \, dx \Rightarrow v = \frac{1}{3} e^{3x} $$

–ü–æ–¥—Å—Ç–∞–≤–∏–º:

$$ \int x e^{3x} \, dx = \frac{1}{3} x e^{3x} - \int \frac{1}{3} e^{3x} \, dx $$

$$ = \frac{1}{3} x e^{3x} - \frac{1}{9} e^{3x} $$

–¢–µ–ø–µ—Ä—å –≤–µ—Ä–Ω–µ–º—Å—è –∫ –æ—Å–Ω–æ–≤–Ω–æ–º—É –∏–Ω—Ç–µ–≥—Ä–∞–ª—É:  

$$ \int x^2 e^{3x} \, dx = \frac{1}{3} x^2 e^{3x} - \frac{2}{3} \left( \frac{1}{3} x e^{3x} - \frac{1}{9} e^{3x} \right) $$

$$ = \frac{1}{3} x^2 e^{3x} - \frac{2}{9} x e^{3x} + \frac{2}{27} e^{3x} + C $$

**–ê–Ω–∞–ª–∏–∑ —Ä–µ—à–µ–Ω–∏—è —É—á–µ–Ω–∏–∫–∞:**  

–£—á–µ–Ω–∏–∫ –Ω–∞–ø–∏—Å–∞–ª: $$ e^x - x + 7 $$

**–í—ã–≤–æ–¥:**  
–†–µ—à–µ–Ω–∏–µ –Ω–µ–≤–µ—Ä–Ω–æ. –£—á–µ–Ω–∏–∫ –Ω–µ –ø—Ä–∏–º–µ–Ω–∏–ª –º–µ—Ç–æ–¥ –∏–Ω—Ç–µ–≥—Ä–∏—Ä–æ–≤–∞–Ω–∏—è –ø–æ —á–∞—Å—Ç—è–º –∏ –Ω–µ –ø–æ–ª—É—á–∏–ª –ø—Ä–∞–≤–∏–ª—å–Ω—ã–π –æ—Ç–≤–µ—Ç.

**–¢–∏–ø –æ—à–∏–±–∫–∏:**  
–õ–æ–≥–∏—á–µ—Å–∫–∞—è. –£—á–µ–Ω–∏–∫ –Ω–µ –∏—Å–ø–æ–ª—å–∑–æ–≤–∞–ª –ø—Ä–µ–¥–ª–∞–≥–∞–µ–º—ã–π –º–µ—Ç–æ–¥ —Ä–µ—à–µ–Ω–∏—è –∏ –ø–æ–ª—É—á–∏–ª –Ω–µ–ø—Ä–∞–≤–¥–æ–ø–æ–¥–æ–±–Ω—ã–π —Ä–µ–∑—É–ª—å—Ç–∞—Ç.",2025-04-22 20:39:20,,,
aidana,–ò–Ω—Ç–µ–≥—Ä–∞–ª—ã,"**–£—Å–ª–æ–≤–∏–µ –∑–∞–¥–∞—á–∏:**

–í—ã—á–∏—Å–ª–∏—Ç–µ –∏–Ω—Ç–µ–≥—Ä–∞–ª, –∏—Å–ø–æ–ª—å–∑—É—è –º–µ—Ç–æ–¥ –∏–Ω—Ç–µ–≥—Ä–∏—Ä–æ–≤–∞–Ω–∏—è –ø–æ —á–∞—Å—Ç—è–º:

$$\int x e^x \, dx$$","**–†–µ—à–µ–Ω–∏–µ –∑–∞–¥–∞—á–∏:**  
–ß—Ç–æ–±—ã —Ä–µ—à–∏—Ç—å –∏–Ω—Ç–µ–≥—Ä–∞–ª $$\int x e^x \, dx$$ –º–µ—Ç–æ–¥–æ–º –∏–Ω—Ç–µ–≥—Ä–∏—Ä–æ–≤–∞–Ω–∏—è –ø–æ —á–∞—Å—Ç—è–º, –≤—ã–±–µ—Ä–µ–º:

- $$u = x$$, —Ç–æ–≥–¥–∞ $$du = dx$$
- $$dv = e^x \, dx$$, —Ç–æ–≥–¥–∞ $$v = e^x$$

–ü—Ä–∏–º–µ–Ω–∏–º —Ñ–æ—Ä–º—É–ª—É –∏–Ω—Ç–µ–≥—Ä–∏—Ä–æ–≤–∞–Ω–∏—è –ø–æ —á–∞—Å—Ç—è–º:

$$\int u \, dv = uv - \int v \, du$$

–ü–æ–ª—É—á–∞–µ–º:

$$\int x e^x \, dx = x e^x - \int e^x \, dx$$

–¢–µ–ø–µ—Ä—å —Ä–µ—à–∏–º –æ—Å—Ç–∞–≤—à–∏–π—Å—è –ø—Ä–æ—Å—Ç–æ–π –∏–Ω—Ç–µ–≥—Ä–∞–ª:

$$\int e^x \, dx = e^x$$

–ü–æ–¥—Å—Ç–∞–≤–∏–º –æ–±—Ä–∞—Ç–Ω–æ:

$$\int x e^x \, dx = x e^x - e^x + C = e^x (x - 1) + C$$

**–ê–Ω–∞–ª–∏–∑ —Ä–µ—à–µ–Ω–∏—è —É—á–µ–Ω–∏–∫–∞:**  
–£—á–µ–Ω–∏–∫ –∑–∞–ø–∏—Å–∞–ª –∏–Ω—Ç–µ–≥—Ä–∞–ª –∫–∞–∫ $$e^x - x + C$$.

**–í—ã–≤–æ–¥:**  
–†–µ—à–µ–Ω–∏–µ —É—á–µ–Ω–∏–∫–∞ –Ω–µ–≤–µ—Ä–Ω–æ. –£—á–µ–Ω–∏–∫ –¥–æ–ø—É—Å—Ç–∏–ª –æ—à–∏–±–∫—É –≤ –ø—Ä–∏–º–µ–Ω–µ–Ω–∏–∏ –º–µ—Ç–æ–¥–∞ –∏–Ω—Ç–µ–≥—Ä–∏—Ä–æ–≤–∞–Ω–∏—è –ø–æ —á–∞—Å—Ç—è–º.

**–¢–∏–ø –æ—à–∏–±–∫–∏:**  
–õ–æ–≥–∏—á–µ—Å–∫–∞—è. –£—á–µ–Ω–∏–∫ –Ω–µ–≤–µ—Ä–Ω–æ –ø—Ä–∏–º–µ–Ω–∏–ª –º–µ—Ç–æ–¥ –∏–Ω—Ç–µ–≥—Ä–∏—Ä–æ–≤–∞–Ω–∏—è –ø–æ —á–∞—Å—Ç—è–º.",**,2025-04-22 21:50:39,–õ—ë–≥–∫–∞—è
aidana,"**–£—Å–ª–æ–≤–∏–µ –∑–∞–¥–∞—á–∏:**

–í—ã—á–∏—Å–ª–∏—Ç–µ –∏–Ω—Ç–µ–≥—Ä–∞–ª, –∏—Å–ø–æ–ª—å–∑—É—è –º–µ—Ç–æ–¥ –∏–Ω—Ç–µ–≥—Ä–∏—Ä–æ–≤–∞–Ω–∏—è –ø–æ —á–∞—Å—Ç—è–º:

$$\int x e^x \, dx$$","**–†–µ—à–µ–Ω–∏–µ –∑–∞–¥–∞—á–∏:**  
–ß—Ç–æ–±—ã —Ä–µ—à–∏—Ç—å –∏–Ω—Ç–µ–≥—Ä–∞–ª $$\int x e^x \, dx$$ –º–µ—Ç–æ–¥–æ–º –∏–Ω—Ç–µ–≥—Ä–∏—Ä–æ–≤–∞–Ω–∏—è –ø–æ —á–∞—Å—Ç—è–º, –≤—ã–±–µ—Ä–µ–º:

- $$u = x$$, —Ç–æ–≥–¥–∞ $$du = dx$$
- $$dv = e^x \, dx$$, —Ç–æ–≥–¥–∞ $$v = e^x$$

–ü—Ä–∏–º–µ–Ω–∏–º —Ñ–æ—Ä–º—É–ª—É –∏–Ω—Ç–µ–≥—Ä–∏—Ä–æ–≤–∞–Ω–∏—è –ø–æ —á–∞—Å—Ç—è–º:

$$\int u \, dv = uv - \int v \, du$$

–ü–æ–ª—É—á–∞–µ–º:

$$\int x e^x \, dx = x e^x - \int e^x \, dx$$

–¢–µ–ø–µ—Ä—å —Ä–µ—à–∏–º –æ—Å—Ç–∞–≤—à–∏–π—Å—è –ø—Ä–æ—Å—Ç–æ–π –∏–Ω—Ç–µ–≥—Ä–∞–ª:

$$\int e^x \, dx = e^x$$

–ü–æ–¥—Å—Ç–∞–≤–∏–º –æ–±—Ä–∞—Ç–Ω–æ:

$$\int x e^x \, dx = x e^x - e^x + C = e^x (x - 1) + C$$

**–ê–Ω–∞–ª–∏–∑ —Ä–µ—à–µ–Ω–∏—è —É—á–µ–Ω–∏–∫–∞:**  
–£—á–µ–Ω–∏–∫ –∑–∞–ø–∏—Å–∞–ª –∏–Ω—Ç–µ–≥—Ä–∞–ª –∫–∞–∫ $$e^x - x + C$$.

**–í—ã–≤–æ–¥:**  
–†–µ—à–µ–Ω–∏–µ —É—á–µ–Ω–∏–∫–∞ –Ω–µ–≤–µ—Ä–Ω–æ. –£—á–µ–Ω–∏–∫ –¥–æ–ø—É—Å—Ç–∏–ª –æ—à–∏–±–∫—É –≤ –ø—Ä–∏–º–µ–Ω–µ–Ω–∏–∏ –º–µ—Ç–æ–¥–∞ –∏–Ω—Ç–µ–≥—Ä–∏—Ä–æ–≤–∞–Ω–∏—è –ø–æ —á–∞—Å—Ç—è–º.

**–¢–∏–ø –æ—à–∏–±–∫–∏:**  
–õ–æ–≥–∏—á–µ—Å–∫–∞—è. –£—á–µ–Ω–∏–∫ –Ω–µ–≤–µ—Ä–Ω–æ –ø—Ä–∏–º–µ–Ω–∏–ª –º–µ—Ç–æ–¥ –∏–Ω—Ç–µ–≥—Ä–∏—Ä–æ–≤–∞–Ω–∏—è –ø–æ —á–∞—Å—Ç—è–º.",2025-04-22 21:50:39,,,
aidana,–ò–Ω—Ç–µ–≥—Ä–∞–ª—ã,"**–£—Å–ª–æ–≤–∏–µ –∑–∞–¥–∞—á–∏:**  
–ù–∞–π–¥–∏ –∏–Ω—Ç–µ–≥—Ä–∞–ª —Ñ—É–Ω–∫—Ü–∏–∏ $$x \ln(x)$$","**–†–µ—à–µ–Ω–∏–µ –∑–∞–¥–∞—á–∏:**  
–ù–∞–π–¥–µ–º –∏–Ω—Ç–µ–≥—Ä–∞–ª —Ñ—É–Ω–∫—Ü–∏–∏ $$x \ln(x)$$ —Å –ø–æ–º–æ—â—å—é –º–µ—Ç–æ–¥–∞ –∏–Ω—Ç–µ–≥—Ä–∏—Ä–æ–≤–∞–Ω–∏—è –ø–æ —á–∞—Å—Ç—è–º:

–ü—É—Å—Ç—å:
- $$u = \ln(x) \Rightarrow du = \frac{1}{x} \, dx$$
- $$dv = x \, dx \Rightarrow v = \frac{x^2}{2}$$

–¢–æ–≥–¥–∞, –ø–æ —Ñ–æ—Ä–º—É–ª–µ –∏–Ω—Ç–µ–≥—Ä–∏—Ä–æ–≤–∞–Ω–∏—è –ø–æ —á–∞—Å—Ç—è–º, –∏–º–µ–µ–º:
$$\int u \, dv = uv - \int v \, du$$

–ü–æ–¥—Å—Ç–∞–≤–ª—è–µ–º:
$$\int x \ln(x) \, dx = \frac{x^2}{2} \ln(x) - \int \frac{x^2}{2} \cdot \frac{1}{x} \, dx$$

–£–ø—Ä–æ—â–∞—è –∏–Ω—Ç–µ–≥—Ä–∞–ª:
$$=\frac{x^2}{2} \ln(x) - \int \frac{x}{2} \, dx$$

–ü—Ä–æ–¥–æ–ª–∂–∞—è —Ä–µ—à–µ–Ω–∏–µ:
$$=\frac{x^2}{2} \ln(x) - \frac{1}{2} \int x \, dx$$

–í—ã—á–∏—Å–ª—è–µ–º –ø–æ—Å–ª–µ–¥–Ω–∏–π –∏–Ω—Ç–µ–≥—Ä–∞–ª:
$$=\frac{x^2}{2} \ln(x) - \frac{1}{2} \cdot \frac{x^2}{2} + C$$

–ò—Ç–æ–≥–æ–≤–æ–µ –≤—ã—Ä–∞–∂–µ–Ω–∏–µ:
$$= \frac{x^2}{2} \ln(x) - \frac{x^2}{4} + C$$

**–ê–Ω–∞–ª–∏–∑ —Ä–µ—à–µ–Ω–∏—è —É—á–µ–Ω–∏–∫–∞:**  
–£—á–µ–Ω–∏–∫ –∑–∞–ø–∏—Å–∞–ª –æ—Ç–≤–µ—Ç: $$x \ln(x) - 1 + C$$

**–í—ã–≤–æ–¥:**  
–†–µ—à–µ–Ω–∏–µ —É—á–µ–Ω–∏–∫–∞ –Ω–µ–≤–µ—Ä–Ω–æ. –û—à–∏–±–∫–∞ –∑–∞–∫–ª—é—á–∞–µ—Ç—Å—è –≤ –Ω–µ–ø—Ä–∞–≤–∏–ª—å–Ω–æ–º –ø—Ä–∏–º–µ–Ω–µ–Ω–∏–∏ –º–µ—Ç–æ–¥–∞ –∏–Ω—Ç–µ–≥—Ä–∏—Ä–æ–≤–∞–Ω–∏—è –ø–æ —á–∞—Å—Ç—è–º.

**–¢–∏–ø –æ—à–∏–±–∫–∏:**  
–õ–æ–≥–∏—á–µ—Å–∫–∞—è –æ—à–∏–±–∫–∞.",**,2025-04-22 22:11:09,–õ—ë–≥–∫–∞—è
aidana,"**–£—Å–ª–æ–≤–∏–µ –∑–∞–¥–∞—á–∏:**  
–ù–∞–π–¥–∏ –∏–Ω—Ç–µ–≥—Ä–∞–ª —Ñ—É–Ω–∫—Ü–∏–∏ $$x \ln(x)$$","**–†–µ—à–µ–Ω–∏–µ –∑–∞–¥–∞—á–∏:**  
–ù–∞–π–¥–µ–º –∏–Ω—Ç–µ–≥—Ä–∞–ª —Ñ—É–Ω–∫—Ü–∏–∏ $$x \ln(x)$$ —Å –ø–æ–º–æ—â—å—é –º–µ—Ç–æ–¥–∞ –∏–Ω—Ç–µ–≥—Ä–∏—Ä–æ–≤–∞–Ω–∏—è –ø–æ —á–∞—Å—Ç—è–º:

–ü—É—Å—Ç—å:
- $$u = \ln(x) \Rightarrow du = \frac{1}{x} \, dx$$
- $$dv = x \, dx \Rightarrow v = \frac{x^2}{2}$$

–¢–æ–≥–¥–∞, –ø–æ —Ñ–æ—Ä–º—É–ª–µ –∏–Ω—Ç–µ–≥—Ä–∏—Ä–æ–≤–∞–Ω–∏—è –ø–æ —á–∞—Å—Ç—è–º, –∏–º–µ–µ–º:
$$\int u \, dv = uv - \int v \, du$$

–ü–æ–¥—Å—Ç–∞–≤–ª—è–µ–º:
$$\int x \ln(x) \, dx = \frac{x^2}{2} \ln(x) - \int \frac{x^2}{2} \cdot \frac{1}{x} \, dx$$

–£–ø—Ä–æ—â–∞—è –∏–Ω—Ç–µ–≥—Ä–∞–ª:
$$=\frac{x^2}{2} \ln(x) - \int \frac{x}{2} \, dx$$

–ü—Ä–æ–¥–æ–ª–∂–∞—è —Ä–µ—à–µ–Ω–∏–µ:
$$=\frac{x^2}{2} \ln(x) - \frac{1}{2} \int x \, dx$$

–í—ã—á–∏—Å–ª—è–µ–º –ø–æ—Å–ª–µ–¥–Ω–∏–π –∏–Ω—Ç–µ–≥—Ä–∞–ª:
$$=\frac{x^2}{2} \ln(x) - \frac{1}{2} \cdot \frac{x^2}{2} + C$$

–ò—Ç–æ–≥–æ–≤–æ–µ –≤—ã—Ä–∞–∂–µ–Ω–∏–µ:
$$= \frac{x^2}{2} \ln(x) - \frac{x^2}{4} + C$$

**–ê–Ω–∞–ª–∏–∑ —Ä–µ—à–µ–Ω–∏—è —É—á–µ–Ω–∏–∫–∞:**  
–£—á–µ–Ω–∏–∫ –∑–∞–ø–∏—Å–∞–ª –æ—Ç–≤–µ—Ç: $$x \ln(x) - 1 + C$$

**–í—ã–≤–æ–¥:**  
–†–µ—à–µ–Ω–∏–µ —É—á–µ–Ω–∏–∫–∞ –Ω–µ–≤–µ—Ä–Ω–æ. –û—à–∏–±–∫–∞ –∑–∞–∫–ª—é—á–∞–µ—Ç—Å—è –≤ –Ω–µ–ø—Ä–∞–≤–∏–ª—å–Ω–æ–º –ø—Ä–∏–º–µ–Ω–µ–Ω–∏–∏ –º–µ—Ç–æ–¥–∞ –∏–Ω—Ç–µ–≥—Ä–∏—Ä–æ–≤–∞–Ω–∏—è –ø–æ —á–∞—Å—Ç—è–º.

**–¢–∏–ø –æ—à–∏–±–∫–∏:**  
–õ–æ–≥–∏—á–µ—Å–∫–∞—è –æ—à–∏–±–∫–∞.",2025-04-22 22:11:09,,,
aidana,–ò–Ω—Ç–µ–≥—Ä–∞–ª—ã,"**–£—Å–ª–æ–≤–∏–µ –∑–∞–¥–∞—á–∏:**  
–í—ã —è–≤–ª—è–µ—Ç–µ—Å—å –∏–Ω–∂–µ–Ω–µ—Ä–æ–º –ø–æ –ø—Ä–æ–µ–∫—Ç–∏—Ä–æ–≤–∞–Ω–∏—é –¥–æ—Ä–æ–≥. –í–∞–º –Ω—É–∂–Ω–æ —Ä–∞—Å—Å—á–∏—Ç–∞—Ç—å –ø–ª–æ—â–∞–¥—å –ø–æ–ø–µ—Ä–µ—á–Ω–æ–≥–æ —Å–µ—á–µ–Ω–∏—è –¥–æ—Ä–æ–≥–∏, –∫–æ—Ç–æ—Ä–∞—è –∏–º–µ–µ—Ç —Ñ–æ—Ä–º—É –∫—Ä–∏–≤–æ–π, –∑–∞–¥–∞–Ω–Ω–æ–π —Ñ—É–Ω–∫—Ü–∏–µ–π $$y = x^3 + 2x$$, –Ω–∞ —É—á–∞—Å—Ç–∫–µ –æ—Ç $$x = 0$$ –¥–æ $$x = 2$$. –ù–∞–π–¥–∏—Ç–µ —ç—Ç—É –ø–ª–æ—â–∞–¥—å, –∏—Å–ø–æ–ª—å–∑—É—è –º–µ—Ç–æ–¥ –∏–Ω—Ç–µ–≥—Ä–∏—Ä–æ–≤–∞–Ω–∏—è –ø–æ –ø–æ–¥—Å—Ç–∞–Ω–æ–≤–∫–µ.","**–†–µ—à–µ–Ω–∏–µ –∑–∞–¥–∞—á–∏:**  
–ù–∞–π–¥—ë–º –ø–ª–æ—â–∞–¥—å –ø–æ–ø–µ—Ä–µ—á–Ω–æ–≥–æ —Å–µ—á–µ–Ω–∏—è, –∏–Ω—Ç–µ–≥—Ä–∏—Ä—É—è —É–∫–∞–∑–∞–Ω–Ω—É—é —Ñ—É–Ω–∫—Ü–∏—é:

$$A = \int_{0}^{2} (x^3 + 2x) \, dx$$

–†–∞–∑–¥–µ–ª–∏–º –∏–Ω—Ç–µ–≥—Ä–∞–ª:

$$A = \int_{0}^{2} x^3 \, dx + \int_{0}^{2} 2x \, dx$$

–í—ã—á–∏—Å–ª–∏–º –∫–∞–∂–¥—É—é —á–∞—Å—Ç—å:

1. $$\int x^3 \, dx = \frac{x^4}{4} + C$$
2. $$\int 2x \, dx = x^2 + C$$

–¢–µ–ø–µ—Ä—å –ø–æ–¥—Å—Ç–∞–≤–∏–º –ø—Ä–µ–¥–µ–ª—ã –∏–Ω—Ç–µ–≥—Ä–∏—Ä–æ–≤–∞–Ω–∏—è:

1. $$\left[\frac{x^4}{4}\right]_{0}^{2} = \left(\frac{2^4}{4} - \frac{0^4}{4}\right) = \frac{16}{4} = 4$$
2. $$\left[x^2\right]_{0}^{2} = (2^2 - 0^2) = 4$$

–°—É–º–º–∏—Ä—É–µ–º —Ä–µ–∑—É–ª—å—Ç–∞—Ç—ã:

$$A = 4 + 4 = 8$$

**–ê–Ω–∞–ª–∏–∑ —Ä–µ—à–µ–Ω–∏—è —É—á–µ–Ω–∏–∫–∞:**  
–£—á–µ–Ω–∏–∫ –ø–æ–∫–∞–∑–∞–ª –Ω–∞—á–∞–ª–æ –∏–Ω—Ç–µ–≥—Ä–∏—Ä–æ–≤–∞–Ω–∏—è —Ñ—É–Ω–∫—Ü–∏–∏ –∏–∑ —É—Å–ª–æ–≤–∏—è. –ö–∞–∂–µ—Ç—Å—è, –æ–Ω —Ä–∞—Å–ø–∏—Å—ã–≤–∞–µ—Ç –∏–Ω—Ç–µ–≥—Ä–∞–ª –Ω–∞ —á–∞—Å—Ç–∏, –Ω–∞—á–∏–Ω–∞—è —Å –∑–∞–ø–∏—Å–∏ –∏–Ω—Ç–µ–≥—Ä–∞–ª–∞ $$\int (x^3 + 2x) \, dx$$, –Ω–æ –æ—Å—Ç–∞–ª—å–Ω–∞—è —á–∞—Å—Ç—å —Ä–µ—à–µ–Ω–∏—è –Ω–µ –ø–æ–∫–∞–∑–∞–Ω–∞.

**–í—ã–≤–æ–¥:**  
–ü–æ–∫–∞ –Ω–µ–≤–æ–∑–º–æ–∂–Ω–æ –æ–ø—Ä–µ–¥–µ–ª–∏—Ç—å, –ø—Ä–∞–≤–∏–ª—å–Ω–æ –ª–∏ —Ä–µ—à–µ–Ω–æ, —Ç–∞–∫ –∫–∞–∫ –∏–∑–æ–±—Ä–∞–∂–µ–Ω–∏–µ –Ω–µ —Å–æ–¥–µ—Ä–∂–∏—Ç –∑–∞–≤–µ—Ä—à—ë–Ω–Ω—ã—Ö –≤—ã—á–∏—Å–ª–µ–Ω–∏–π.

**–¢–∏–ø –æ—à–∏–±–∫–∏:**  
–ù–µ –∑–∞–≤–µ—Ä—à–µ–Ω–æ —Ä–µ—à–µ–Ω–∏–µ. –ü–æ–∂–∞–ª—É–π—Å—Ç–∞, –ø—Ä–æ–¥–æ–ª–∂–∏—Ç–µ —Ä–µ—à–µ–Ω–∏–µ, —Ä–∞—Å–ø–∏—Å–∞–≤ —à–∞–≥–∏ –∏ –ø–æ–¥—Å—Ç–∞–≤–∏–≤ –ø—Ä–µ–¥–µ–ª—ã –∏–Ω—Ç–µ–≥—Ä–∏—Ä–æ–≤–∞–Ω–∏—è. –í—ã –Ω–∞ –ø—Ä–∞–≤–∏–ª—å–Ω–æ–º –ø—É—Ç–∏!",**,2025-04-22 22:16:39,–°—Ä–µ–¥–Ω—è—è
aidana,"**–£—Å–ª–æ–≤–∏–µ –∑–∞–¥–∞—á–∏:**  
–í—ã —è–≤–ª—è–µ—Ç–µ—Å—å –∏–Ω–∂–µ–Ω–µ—Ä–æ–º –ø–æ –ø—Ä–æ–µ–∫—Ç–∏—Ä–æ–≤–∞–Ω–∏—é –¥–æ—Ä–æ–≥. –í–∞–º –Ω—É–∂–Ω–æ —Ä–∞—Å—Å—á–∏—Ç–∞—Ç—å –ø–ª–æ—â–∞–¥—å –ø–æ–ø–µ—Ä–µ—á–Ω–æ–≥–æ —Å–µ—á–µ–Ω–∏—è –¥–æ—Ä–æ–≥–∏, –∫–æ—Ç–æ—Ä–∞—è –∏–º–µ–µ—Ç —Ñ–æ—Ä–º—É –∫—Ä–∏–≤–æ–π, –∑–∞–¥–∞–Ω–Ω–æ–π —Ñ—É–Ω–∫—Ü–∏–µ–π $$y = x^3 + 2x$$, –Ω–∞ —É—á–∞—Å—Ç–∫–µ –æ—Ç $$x = 0$$ –¥–æ $$x = 2$$. –ù–∞–π–¥–∏—Ç–µ —ç—Ç—É –ø–ª–æ—â–∞–¥—å, –∏—Å–ø–æ–ª—å–∑—É—è –º–µ—Ç–æ–¥ –∏–Ω—Ç–µ–≥—Ä–∏—Ä–æ–≤–∞–Ω–∏—è –ø–æ –ø–æ–¥—Å—Ç–∞–Ω–æ–≤–∫–µ.","**–†–µ—à–µ–Ω–∏–µ –∑–∞–¥–∞—á–∏:**  
–ù–∞–π–¥—ë–º –ø–ª–æ—â–∞–¥—å –ø–æ–ø–µ—Ä–µ—á–Ω–æ–≥–æ —Å–µ—á–µ–Ω–∏—è, –∏–Ω—Ç–µ–≥—Ä–∏—Ä—É—è —É–∫–∞–∑–∞–Ω–Ω—É—é —Ñ—É–Ω–∫—Ü–∏—é:

$$A = \int_{0}^{2} (x^3 + 2x) \, dx$$

–†–∞–∑–¥–µ–ª–∏–º –∏–Ω—Ç–µ–≥—Ä–∞–ª:

$$A = \int_{0}^{2} x^3 \, dx + \int_{0}^{2} 2x \, dx$$

–í—ã—á–∏—Å–ª–∏–º –∫–∞–∂–¥—É—é —á–∞—Å—Ç—å:

1. $$\int x^3 \, dx = \frac{x^4}{4} + C$$
2. $$\int 2x \, dx = x^2 + C$$

–¢–µ–ø–µ—Ä—å –ø–æ–¥—Å—Ç–∞–≤–∏–º –ø—Ä–µ–¥–µ–ª—ã –∏–Ω—Ç–µ–≥—Ä–∏—Ä–æ–≤–∞–Ω–∏—è:

1. $$\left[\frac{x^4}{4}\right]_{0}^{2} = \left(\frac{2^4}{4} - \frac{0^4}{4}\right) = \frac{16}{4} = 4$$
2. $$\left[x^2\right]_{0}^{2} = (2^2 - 0^2) = 4$$

–°—É–º–º–∏—Ä—É–µ–º —Ä–µ–∑—É–ª—å—Ç–∞—Ç—ã:

$$A = 4 + 4 = 8$$

**–ê–Ω–∞–ª–∏–∑ —Ä–µ—à–µ–Ω–∏—è —É—á–µ–Ω–∏–∫–∞:**  
–£—á–µ–Ω–∏–∫ –ø–æ–∫–∞–∑–∞–ª –Ω–∞—á–∞–ª–æ –∏–Ω—Ç–µ–≥—Ä–∏—Ä–æ–≤–∞–Ω–∏—è —Ñ—É–Ω–∫—Ü–∏–∏ –∏–∑ —É—Å–ª–æ–≤–∏—è. –ö–∞–∂–µ—Ç—Å—è, –æ–Ω —Ä–∞—Å–ø–∏—Å—ã–≤–∞–µ—Ç –∏–Ω—Ç–µ–≥—Ä–∞–ª –Ω–∞ —á–∞—Å—Ç–∏, –Ω–∞—á–∏–Ω–∞—è —Å –∑–∞–ø–∏—Å–∏ –∏–Ω—Ç–µ–≥—Ä–∞–ª–∞ $$\int (x^3 + 2x) \, dx$$, –Ω–æ –æ—Å—Ç–∞–ª—å–Ω–∞—è —á–∞—Å—Ç—å —Ä–µ—à–µ–Ω–∏—è –Ω–µ –ø–æ–∫–∞–∑–∞–Ω–∞.

**–í—ã–≤–æ–¥:**  
–ü–æ–∫–∞ –Ω–µ–≤–æ–∑–º–æ–∂–Ω–æ –æ–ø—Ä–µ–¥–µ–ª–∏—Ç—å, –ø—Ä–∞–≤–∏–ª—å–Ω–æ –ª–∏ —Ä–µ—à–µ–Ω–æ, —Ç–∞–∫ –∫–∞–∫ –∏–∑–æ–±—Ä–∞–∂–µ–Ω–∏–µ –Ω–µ —Å–æ–¥–µ—Ä–∂–∏—Ç –∑–∞–≤–µ—Ä—à—ë–Ω–Ω—ã—Ö –≤—ã—á–∏—Å–ª–µ–Ω–∏–π.

**–¢–∏–ø –æ—à–∏–±–∫–∏:**  
–ù–µ –∑–∞–≤–µ—Ä—à–µ–Ω–æ —Ä–µ—à–µ–Ω–∏–µ. –ü–æ–∂–∞–ª—É–π—Å—Ç–∞, –ø—Ä–æ–¥–æ–ª–∂–∏—Ç–µ —Ä–µ—à–µ–Ω–∏–µ, —Ä–∞—Å–ø–∏—Å–∞–≤ —à–∞–≥–∏ –∏ –ø–æ–¥—Å—Ç–∞–≤–∏–≤ –ø—Ä–µ–¥–µ–ª—ã –∏–Ω—Ç–µ–≥—Ä–∏—Ä–æ–≤–∞–Ω–∏—è. –í—ã –Ω–∞ –ø—Ä–∞–≤–∏–ª—å–Ω–æ–º –ø—É—Ç–∏!",2025-04-22 22:16:39,,,
aidana,–ò–Ω—Ç–µ–≥—Ä–∞–ª—ã,"**–£—Å–ª–æ–≤–∏–µ –∑–∞–¥–∞—á–∏:**  
–í—ã—á–∏—Å–ª–∏—Ç–µ –∏–Ω—Ç–µ–≥—Ä–∞–ª —Ñ—É–Ω–∫—Ü–∏–∏ $$x \cos(2x)$$","**–†–µ—à–µ–Ω–∏–µ –∑–∞–¥–∞—á–∏:**  
–ß—Ç–æ–±—ã –≤—ã—á–∏—Å–ª–∏—Ç—å –∏–Ω—Ç–µ–≥—Ä–∞–ª $$\int x \cos(2x) \, dx$$, –∏—Å–ø–æ–ª—å–∑—É–µ–º –º–µ—Ç–æ–¥ –∏–Ω—Ç–µ–≥—Ä–∏—Ä–æ–≤–∞–Ω–∏—è –ø–æ —á–∞—Å—Ç—è–º:

1. –ü—É—Å—Ç—å \( u = x \), —Ç–æ–≥–¥–∞ \( du = dx \).
2. –ü—É—Å—Ç—å \( dv = \cos(2x) \, dx \), —Ç–æ–≥–¥–∞ \( v = \frac{1}{2} \sin(2x) \).

–ü–æ —Ñ–æ—Ä–º—É–ª–µ –∏–Ω—Ç–µ–≥—Ä–∏—Ä–æ–≤–∞–Ω–∏—è –ø–æ —á–∞—Å—Ç—è–º:  
$$ \int u \, dv = uv - \int v \, du $$

–ü–æ–¥—Å—Ç–∞–≤–ª—è–µ–º:
$$ \int x \cos(2x) \, dx = x \cdot \frac{1}{2} \sin(2x) - \int \frac{1}{2} \sin(2x) \, dx $$

–í—ã—á–∏—Å–ª–∏–º –≤—Ç–æ—Ä–æ–π –∏–Ω—Ç–µ–≥—Ä–∞–ª:
$$ \int \sin(2x) \, dx = -\frac{1}{2} \cos(2x) + C $$

–¢–∞–∫–∏–º –æ–±—Ä–∞–∑–æ–º:
$$ \int x \cos(2x) \, dx = \frac{1}{2} x \sin(2x) + \frac{1}{4} \cos(2x) + C $$

**–ê–Ω–∞–ª–∏–∑ —Ä–µ—à–µ–Ω–∏—è —É—á–µ–Ω–∏–∫–∞:**  
–£—á–µ–Ω–∏–∫ –Ω–∞–ø–∏—Å–∞–ª: $$x^2 + \cos x$$.

**–°—Ä–∞–≤–Ω–µ–Ω–∏–µ —Å –º–∞—Ä–∫-—Å—Ö–µ–º–æ–π:**  
1. –ü—Ä–∏–º–µ–Ω–µ–Ω–∏–µ –º–µ—Ç–æ–¥–∞ –∏–Ω—Ç–µ–≥—Ä–∏—Ä–æ–≤–∞–Ω–∏—è –ø–æ —á–∞—Å—Ç—è–º: –£—á–µ–Ω–∏–∫ —ç—Ç–æ –Ω–µ —Å–¥–µ–ª–∞–ª ‚Äî 0 –±–∞–ª–ª–æ–≤.
2. –ù–∞—Ö–æ–∂–¥–µ–Ω–∏–µ –ø–µ—Ä–≤–æ–æ–±—Ä–∞–∑–Ω–æ–π $$\int \cos(2x) \, dx$$: –≠—Ç–æ –¥–µ–π—Å—Ç–≤–∏–µ —Ç–∞–∫–∂–µ –æ—Ç—Å—É—Ç—Å—Ç–≤—É–µ—Ç ‚Äî 0 –±–∞–ª–ª–æ–≤.
3. –ü–æ–¥—Å—Ç–∞–Ω–æ–≤–∫–∞ –∏ —É–ø—Ä–æ—â–µ–Ω–∏–µ –≤—ã—Ä–∞–∂–µ–Ω–∏—è: –£—á–µ–Ω–∏–∫ –Ω–µ —Å–¥–µ–ª–∞–ª –≤–µ—Ä–Ω—ã—Ö –ø–æ–¥—Å—Ç–∞–Ω–æ–≤–æ–∫ ‚Äî 0 –±–∞–ª–ª–æ–≤.

**–ò—Ç–æ–≥:**  
–£—á–µ–Ω–∏–∫ –Ω–µ–ø—Ä–∞–≤–∏–ª—å–Ω–æ —Ä–µ—à–∏–ª –∑–∞–¥–∞—á—É, —Å –Ω–µ–≤–µ—Ä–Ω—ã–º –∏—Å–ø–æ–ª—å–∑–æ–≤–∞–Ω–∏–µ–º –æ–ø–µ—Ä–∞—Ü–∏–π –∏ —Ñ—É–Ω–∫—Ü–∏–π, —Å–≤—è–∑–∞–Ω–Ω—ã—Ö —Å –∏–Ω—Ç–µ–≥—Ä–∏—Ä–æ–≤–∞–Ω–∏–µ–º –ø–æ —á–∞—Å—Ç—è–º.

**–¢–∏–ø –æ—à–∏–±–∫–∏:**  
–õ–æ–≥–∏—á–µ—Å–∫–∞—è ‚Äî —É—á–µ–Ω–∏–∫ –Ω–µ –ø—Ä–∏–º–µ–Ω–∏–ª –º–µ—Ç–æ–¥—ã –∏–Ω—Ç–µ–≥—Ä–∏—Ä–æ–≤–∞–Ω–∏—è –ø–æ —á–∞—Å—Ç—è–º –∏ –∑–∞–ø–∏—Å–∞–ª –Ω–µ–≤–µ—Ä–Ω–æ–µ –∏—Ç–æ–≥–æ–≤–æ–µ –≤—ã—Ä–∞–∂–µ–Ω–∏–µ.

**–û—Ü–µ–Ω–∫–∞: 0 –∏–∑ 3 –±–∞–ª–ª–æ–≤**",**,2025-04-22 22:47:48,–õ—ë–≥–∫–∞—è
aidana,"**–£—Å–ª–æ–≤–∏–µ –∑–∞–¥–∞—á–∏:**  
–í—ã—á–∏—Å–ª–∏—Ç–µ –∏–Ω—Ç–µ–≥—Ä–∞–ª —Ñ—É–Ω–∫—Ü–∏–∏ $$x \cos(2x)$$","**–†–µ—à–µ–Ω–∏–µ –∑–∞–¥–∞—á–∏:**  
–ß—Ç–æ–±—ã –≤—ã—á–∏—Å–ª–∏—Ç—å –∏–Ω—Ç–µ–≥—Ä–∞–ª $$\int x \cos(2x) \, dx$$, –∏—Å–ø–æ–ª—å–∑—É–µ–º –º–µ—Ç–æ–¥ –∏–Ω—Ç–µ–≥—Ä–∏—Ä–æ–≤–∞–Ω–∏—è –ø–æ —á–∞—Å—Ç—è–º:

1. –ü—É—Å—Ç—å \( u = x \), —Ç–æ–≥–¥–∞ \( du = dx \).
2. –ü—É—Å—Ç—å \( dv = \cos(2x) \, dx \), —Ç–æ–≥–¥–∞ \( v = \frac{1}{2} \sin(2x) \).

–ü–æ —Ñ–æ—Ä–º—É–ª–µ –∏–Ω—Ç–µ–≥—Ä–∏—Ä–æ–≤–∞–Ω–∏—è –ø–æ —á–∞—Å—Ç—è–º:  
$$ \int u \, dv = uv - \int v \, du $$

–ü–æ–¥—Å—Ç–∞–≤–ª—è–µ–º:
$$ \int x \cos(2x) \, dx = x \cdot \frac{1}{2} \sin(2x) - \int \frac{1}{2} \sin(2x) \, dx $$

–í—ã—á–∏—Å–ª–∏–º –≤—Ç–æ—Ä–æ–π –∏–Ω—Ç–µ–≥—Ä–∞–ª:
$$ \int \sin(2x) \, dx = -\frac{1}{2} \cos(2x) + C $$

–¢–∞–∫–∏–º –æ–±—Ä–∞–∑–æ–º:
$$ \int x \cos(2x) \, dx = \frac{1}{2} x \sin(2x) + \frac{1}{4} \cos(2x) + C $$

**–ê–Ω–∞–ª–∏–∑ —Ä–µ—à–µ–Ω–∏—è —É—á–µ–Ω–∏–∫–∞:**  
–£—á–µ–Ω–∏–∫ –Ω–∞–ø–∏—Å–∞–ª: $$x^2 + \cos x$$.

**–°—Ä–∞–≤–Ω–µ–Ω–∏–µ —Å –º–∞—Ä–∫-—Å—Ö–µ–º–æ–π:**  
1. –ü—Ä–∏–º–µ–Ω–µ–Ω–∏–µ –º–µ—Ç–æ–¥–∞ –∏–Ω—Ç–µ–≥—Ä–∏—Ä–æ–≤–∞–Ω–∏—è –ø–æ —á–∞—Å—Ç—è–º: –£—á–µ–Ω–∏–∫ —ç—Ç–æ –Ω–µ —Å–¥–µ–ª–∞–ª ‚Äî 0 –±–∞–ª–ª–æ–≤.
2. –ù–∞—Ö–æ–∂–¥–µ–Ω–∏–µ –ø–µ—Ä–≤–æ–æ–±—Ä–∞–∑–Ω–æ–π $$\int \cos(2x) \, dx$$: –≠—Ç–æ –¥–µ–π—Å—Ç–≤–∏–µ —Ç–∞–∫–∂–µ –æ—Ç—Å—É—Ç—Å—Ç–≤—É–µ—Ç ‚Äî 0 –±–∞–ª–ª–æ–≤.
3. –ü–æ–¥—Å—Ç–∞–Ω–æ–≤–∫–∞ –∏ —É–ø—Ä–æ—â–µ–Ω–∏–µ –≤—ã—Ä–∞–∂–µ–Ω–∏—è: –£—á–µ–Ω–∏–∫ –Ω–µ —Å–¥–µ–ª–∞–ª –≤–µ—Ä–Ω—ã—Ö –ø–æ–¥—Å—Ç–∞–Ω–æ–≤–æ–∫ ‚Äî 0 –±–∞–ª–ª–æ–≤.

**–ò—Ç–æ–≥:**  
–£—á–µ–Ω–∏–∫ –Ω–µ–ø—Ä–∞–≤–∏–ª—å–Ω–æ —Ä–µ—à–∏–ª –∑–∞–¥–∞—á—É, —Å –Ω–µ–≤–µ—Ä–Ω—ã–º –∏—Å–ø–æ–ª—å–∑–æ–≤–∞–Ω–∏–µ–º –æ–ø–µ—Ä–∞—Ü–∏–π –∏ —Ñ—É–Ω–∫—Ü–∏–π, —Å–≤—è–∑–∞–Ω–Ω—ã—Ö —Å –∏–Ω—Ç–µ–≥—Ä–∏—Ä–æ–≤–∞–Ω–∏–µ–º –ø–æ —á–∞—Å—Ç—è–º.

**–¢–∏–ø –æ—à–∏–±–∫–∏:**  
–õ–æ–≥–∏—á–µ—Å–∫–∞—è ‚Äî —É—á–µ–Ω–∏–∫ –Ω–µ –ø—Ä–∏–º–µ–Ω–∏–ª –º–µ—Ç–æ–¥—ã –∏–Ω—Ç–µ–≥—Ä–∏—Ä–æ–≤–∞–Ω–∏—è –ø–æ —á–∞—Å—Ç—è–º –∏ –∑–∞–ø–∏—Å–∞–ª –Ω–µ–≤–µ—Ä–Ω–æ–µ –∏—Ç–æ–≥–æ–≤–æ–µ –≤—ã—Ä–∞–∂–µ–Ω–∏–µ.

**–û—Ü–µ–Ω–∫–∞: 0 –∏–∑ 3 –±–∞–ª–ª–æ–≤**",2025-04-22 22:47:48,,,
aidana,–ò–Ω—Ç–µ–≥—Ä–∞–ª—ã,"**–£—Å–ª–æ–≤–∏–µ –∑–∞–¥–∞—á–∏:**  
–í—ã—á–∏—Å–ª–∏—Ç–µ –∏–Ω—Ç–µ–≥—Ä–∞–ª —Ñ—É–Ω–∫—Ü–∏–∏ $$x \cos(2x)$$","**–†–µ—à–µ–Ω–∏–µ –∑–∞–¥–∞—á–∏:**  

–î–ª—è –≤—ã—á–∏—Å–ª–µ–Ω–∏—è –∏–Ω—Ç–µ–≥—Ä–∞–ª–∞ $$\int x \cos(2x) \, dx$$ –∏—Å–ø–æ–ª—å–∑—É–µ–º –º–µ—Ç–æ–¥ –∏–Ω—Ç–µ–≥—Ä–∏—Ä–æ–≤–∞–Ω–∏—è –ø–æ —á–∞—Å—Ç—è–º. –ü—É—Å—Ç—å:
- $$u = x \Rightarrow du = dx$$
- $$dv = \cos(2x) \, dx \Rightarrow v = \frac{1}{2} \sin(2x)$$

–ü—Ä–∏–º–µ–Ω—è–µ–º —Ñ–æ—Ä–º—É–ª—É –∏–Ω—Ç–µ–≥—Ä–∏—Ä–æ–≤–∞–Ω–∏—è –ø–æ —á–∞—Å—Ç—è–º:
$$\int u \, dv = uv - \int v \, du$$

–ü–æ–¥—Å—Ç–∞–≤–ª—è–µ–º:
$$\int x \cos(2x) \, dx = x \cdot \frac{1}{2} \sin(2x) - \int \frac{1}{2} \sin(2x) \, dx$$

–í—ã—á–∏—Å–ª–∏–º –≤—Ç–æ—Ä–æ–π –∏–Ω—Ç–µ–≥—Ä–∞–ª:
$$\int \frac{1}{2} \sin(2x) \, dx = -\frac{1}{4} \cos(2x) + C$$

–°–ª–µ–¥–æ–≤–∞—Ç–µ–ª—å–Ω–æ:
$$\int x \cos(2x) \, dx = \frac{1}{2} x \sin(2x) + \frac{1}{4} \cos(2x) + C$$

**–ê–Ω–∞–ª–∏–∑ —Ä–µ—à–µ–Ω–∏—è —É—á–µ–Ω–∏–∫–∞:**  

–£—á–µ–Ω–∏–∫ –∑–∞–ø–∏—Å–∞–ª: $$x^2 + \cos(x) + C + 7$$. –≠—Ç–æ –Ω–µ —Å–æ–æ—Ç–≤–µ—Ç—Å—Ç–≤—É–µ—Ç –ø—Ä–∞–≤–∏–ª—å–Ω–æ–º—É —Ä–µ—à–µ–Ω–∏—é –∑–∞–¥–∞—á–∏, –ø–æ—Å–∫–æ–ª—å–∫—É –¥–ª—è –º–µ—Ç–æ–¥–∞ –∏–Ω—Ç–µ–≥—Ä–∏—Ä–æ–≤–∞–Ω–∏—è –ø–æ —á–∞—Å—Ç—è–º –∑–¥–µ—Å—å –Ω–µ –∏—Å–ø–æ–ª—å–∑—É–µ—Ç—Å—è.  

**–°—Ä–∞–≤–Ω–µ–Ω–∏–µ —Å –º–∞—Ä–∫-—Å—Ö–µ–º–æ–π:**  

1. **–ü—Ä–∏–º–µ–Ω–∏—Ç—å –º–µ—Ç–æ–¥ –∏–Ω—Ç–µ–≥—Ä–∏—Ä–æ–≤–∞–Ω–∏—è –ø–æ —á–∞—Å—Ç—è–º ‚Äî 1 –±–∞–ª–ª:**  
–£—á–µ–Ω–∏–∫ –Ω–µ –ø—Ä–∏–º–µ–Ω–∏–ª –º–µ—Ç–æ–¥ –∏–Ω—Ç–µ–≥—Ä–∏—Ä–æ–≤–∞–Ω–∏—è –ø–æ —á–∞—Å—Ç—è–º. **0 –±–∞–ª–ª–æ–≤**.

2. **–ù–∞–π—Ç–∏ –ø–µ—Ä–≤–æ–æ–±—Ä–∞–∑–Ω—É—é $$\int \cos(2x) \, dx$$ ‚Äî 1 –±–∞–ª–ª:**  
–ü—Ä–∏–º–∏—Ç–∏–≤–Ω–∞—è —Ñ—É–Ω–∫—Ü–∏—è \(\cos(x)\) –±—ã–ª–∞ –≤—ã—á–∏—Å–ª–µ–Ω–∞ –Ω–µ–≤–µ—Ä–Ω–æ, –∏ –∏—Å–ø–æ–ª—å–∑–æ–≤–∞–ª–∞—Å—å –¥—Ä—É–≥–∞—è –ø–µ—Ä–µ–º–µ–Ω–Ω–∞—è. **0 –±–∞–ª–ª–æ–≤**.

3. **–ü–æ–¥—Å—Ç–∞–≤–∏—Ç—å –∏ —É–ø—Ä–æ—Å—Ç–∏—Ç—å –≤—ã—Ä–∞–∂–µ–Ω–∏–µ ‚Äî 1 –±–∞–ª–ª:**  
–£—á–µ–Ω–∏–∫ –Ω–µ —Å–º–æ–≥ –ø–æ–¥—Å—Ç–∞–≤–∏—Ç—å –∏ —É–ø—Ä–æ—Å—Ç–∏—Ç—å –≤—ã—Ä–∞–∂–µ–Ω–∏–µ –≤ –∫–æ–Ω–µ—á–Ω—ã–π —Ä–µ–∑—É–ª—å—Ç–∞—Ç. **0 –±–∞–ª–ª–æ–≤**.

**–ò—Ç–æ–≥:**  
–ó–∞–¥–∞—á–∞ –Ω–µ —Ä–µ—à–µ–Ω–∞ –ø—Ä–∞–≤–∏–ª—å–Ω–æ. –£—á–µ–Ω–∏–∫ –Ω–µ –∏—Å–ø–æ–ª—å–∑–æ–≤–∞–ª –º–µ—Ç–æ–¥ –∏–Ω—Ç–µ–≥—Ä–∏—Ä–æ–≤–∞–Ω–∏—è –ø–æ —á–∞—Å—Ç—è–º –∏, —Å–ª–µ–¥–æ–≤–∞—Ç–µ–ª—å–Ω–æ, –Ω–µ —Å–º–æ–≥ –ø–æ–ª—É—á–∏—Ç—å –≤–µ—Ä–Ω—ã–π –æ—Ç–≤–µ—Ç.

**–¢–∏–ø –æ—à–∏–±–∫–∏:**  
–õ–æ–≥–∏—á–µ—Å–∫–∞—è

**–û—Ü–µ–Ω–∫–∞: 0 –∏–∑ 3 –±–∞–ª–ª–æ–≤**",**,2025-04-22 22:48:46,–õ—ë–≥–∫–∞—è
aidana,"**–£—Å–ª–æ–≤–∏–µ –∑–∞–¥–∞—á–∏:**  
–í—ã—á–∏—Å–ª–∏—Ç–µ –∏–Ω—Ç–µ–≥—Ä–∞–ª —Ñ—É–Ω–∫—Ü–∏–∏ $$x \cos(2x)$$","**–†–µ—à–µ–Ω–∏–µ –∑–∞–¥–∞—á–∏:**  

–î–ª—è –≤—ã—á–∏—Å–ª–µ–Ω–∏—è –∏–Ω—Ç–µ–≥—Ä–∞–ª–∞ $$\int x \cos(2x) \, dx$$ –∏—Å–ø–æ–ª—å–∑—É–µ–º –º–µ—Ç–æ–¥ –∏–Ω—Ç–µ–≥—Ä–∏—Ä–æ–≤–∞–Ω–∏—è –ø–æ —á–∞—Å—Ç—è–º. –ü—É—Å—Ç—å:
- $$u = x \Rightarrow du = dx$$
- $$dv = \cos(2x) \, dx \Rightarrow v = \frac{1}{2} \sin(2x)$$

–ü—Ä–∏–º–µ–Ω—è–µ–º —Ñ–æ—Ä–º—É–ª—É –∏–Ω—Ç–µ–≥—Ä–∏—Ä–æ–≤–∞–Ω–∏—è –ø–æ —á–∞—Å—Ç—è–º:
$$\int u \, dv = uv - \int v \, du$$

–ü–æ–¥—Å—Ç–∞–≤–ª—è–µ–º:
$$\int x \cos(2x) \, dx = x \cdot \frac{1}{2} \sin(2x) - \int \frac{1}{2} \sin(2x) \, dx$$

–í—ã—á–∏—Å–ª–∏–º –≤—Ç–æ—Ä–æ–π –∏–Ω—Ç–µ–≥—Ä–∞–ª:
$$\int \frac{1}{2} \sin(2x) \, dx = -\frac{1}{4} \cos(2x) + C$$

–°–ª–µ–¥–æ–≤–∞—Ç–µ–ª—å–Ω–æ:
$$\int x \cos(2x) \, dx = \frac{1}{2} x \sin(2x) + \frac{1}{4} \cos(2x) + C$$

**–ê–Ω–∞–ª–∏–∑ —Ä–µ—à–µ–Ω–∏—è —É—á–µ–Ω–∏–∫–∞:**  

–£—á–µ–Ω–∏–∫ –∑–∞–ø–∏—Å–∞–ª: $$x^2 + \cos(x) + C + 7$$. –≠—Ç–æ –Ω–µ —Å–æ–æ—Ç–≤–µ—Ç—Å—Ç–≤—É–µ—Ç –ø—Ä–∞–≤–∏–ª—å–Ω–æ–º—É —Ä–µ—à–µ–Ω–∏—é –∑–∞–¥–∞—á–∏, –ø–æ—Å–∫–æ–ª—å–∫—É –¥–ª—è –º–µ—Ç–æ–¥–∞ –∏–Ω—Ç–µ–≥—Ä–∏—Ä–æ–≤–∞–Ω–∏—è –ø–æ —á–∞—Å—Ç—è–º –∑–¥–µ—Å—å –Ω–µ –∏—Å–ø–æ–ª—å–∑—É–µ—Ç—Å—è.  

**–°—Ä–∞–≤–Ω–µ–Ω–∏–µ —Å –º–∞—Ä–∫-—Å—Ö–µ–º–æ–π:**  

1. **–ü—Ä–∏–º–µ–Ω–∏—Ç—å –º–µ—Ç–æ–¥ –∏–Ω—Ç–µ–≥—Ä–∏—Ä–æ–≤–∞–Ω–∏—è –ø–æ —á–∞—Å—Ç—è–º ‚Äî 1 –±–∞–ª–ª:**  
–£—á–µ–Ω–∏–∫ –Ω–µ –ø—Ä–∏–º–µ–Ω–∏–ª –º–µ—Ç–æ–¥ –∏–Ω—Ç–µ–≥—Ä–∏—Ä–æ–≤–∞–Ω–∏—è –ø–æ —á–∞—Å—Ç—è–º. **0 –±–∞–ª–ª–æ–≤**.

2. **–ù–∞–π—Ç–∏ –ø–µ—Ä–≤–æ–æ–±—Ä–∞–∑–Ω—É—é $$\int \cos(2x) \, dx$$ ‚Äî 1 –±–∞–ª–ª:**  
–ü—Ä–∏–º–∏—Ç–∏–≤–Ω–∞—è —Ñ—É–Ω–∫—Ü–∏—è \(\cos(x)\) –±—ã–ª–∞ –≤—ã—á–∏—Å–ª–µ–Ω–∞ –Ω–µ–≤–µ—Ä–Ω–æ, –∏ –∏—Å–ø–æ–ª—å–∑–æ–≤–∞–ª–∞—Å—å –¥—Ä—É–≥–∞—è –ø–µ—Ä–µ–º–µ–Ω–Ω–∞—è. **0 –±–∞–ª–ª–æ–≤**.

3. **–ü–æ–¥—Å—Ç–∞–≤–∏—Ç—å –∏ —É–ø—Ä–æ—Å—Ç–∏—Ç—å –≤—ã—Ä–∞–∂–µ–Ω–∏–µ ‚Äî 1 –±–∞–ª–ª:**  
–£—á–µ–Ω–∏–∫ –Ω–µ —Å–º–æ–≥ –ø–æ–¥—Å—Ç–∞–≤–∏—Ç—å –∏ —É–ø—Ä–æ—Å—Ç–∏—Ç—å –≤—ã—Ä–∞–∂–µ–Ω–∏–µ –≤ –∫–æ–Ω–µ—á–Ω—ã–π —Ä–µ–∑—É–ª—å—Ç–∞—Ç. **0 –±–∞–ª–ª–æ–≤**.

**–ò—Ç–æ–≥:**  
–ó–∞–¥–∞—á–∞ –Ω–µ —Ä–µ—à–µ–Ω–∞ –ø—Ä–∞–≤–∏–ª—å–Ω–æ. –£—á–µ–Ω–∏–∫ –Ω–µ –∏—Å–ø–æ–ª—å–∑–æ–≤–∞–ª –º–µ—Ç–æ–¥ –∏–Ω—Ç–µ–≥—Ä–∏—Ä–æ–≤–∞–Ω–∏—è –ø–æ —á–∞—Å—Ç—è–º –∏, —Å–ª–µ–¥–æ–≤–∞—Ç–µ–ª—å–Ω–æ, –Ω–µ —Å–º–æ–≥ –ø–æ–ª—É—á–∏—Ç—å –≤–µ—Ä–Ω—ã–π –æ—Ç–≤–µ—Ç.

**–¢–∏–ø –æ—à–∏–±–∫–∏:**  
–õ–æ–≥–∏—á–µ—Å–∫–∞—è

**–û—Ü–µ–Ω–∫–∞: 0 –∏–∑ 3 –±–∞–ª–ª–æ–≤**",2025-04-22 22:48:46,,,
aidana,–ò–Ω—Ç–µ–≥—Ä–∞–ª—ã,"**–£—Å–ª–æ–≤–∏–µ –∑–∞–¥–∞—á–∏:**  
–ù–∞–π–¥–∏ –∏–Ω—Ç–µ–≥—Ä–∞–ª —Ñ—É–Ω–∫—Ü–∏–∏ $$x \cos(x)$$","**–†–µ—à–µ–Ω–∏–µ –∑–∞–¥–∞—á–∏:**

–î–ª—è –∏–Ω—Ç–µ–≥—Ä–∞–ª–∞ $$\int x \cos(x) \, dx$$ –ø—Ä–∏–º–µ–Ω–∏–º –º–µ—Ç–æ–¥ –∏–Ω—Ç–µ–≥—Ä–∏—Ä–æ–≤–∞–Ω–∏—è –ø–æ —á–∞—Å—Ç—è–º:

1. –í—ã–±–∏—Ä–∞–µ–º $$u = x$$ –∏ $$dv = \cos(x) \, dx$$.
2. –ù–∞—Ö–æ–¥–∏–º –ø—Ä–æ–∏–∑–≤–æ–¥–Ω—É—é $$du = dx$$ –∏ –ø–µ—Ä–≤–æ–æ–±—Ä–∞–∑–Ω—É—é $$v = \sin(x)$$.
3. –§–æ—Ä–º—É–ª–∞ –∏–Ω—Ç–µ–≥—Ä–∏—Ä–æ–≤–∞–Ω–∏—è –ø–æ —á–∞—Å—Ç—è–º: $$\int u \, dv = uv - \int v \, du$$.
4. –ü–æ–¥—Å—Ç–∞–≤–ª—è–µ–º:  
   $$\int x \cos(x) \, dx = x \sin(x) - \int \sin(x) \, dx$$.
5. –ò–Ω—Ç–µ–≥—Ä–∏—Ä—É–µ–º:  
   $$\int \sin(x) \, dx = -\cos(x)$$.
6. –ò—Ç–æ–≥–æ–≤—ã–π —Ä–µ–∑—É–ª—å—Ç–∞—Ç:  
   $$x \sin(x) + \cos(x) + C$$.

**–ê–Ω–∞–ª–∏–∑ —Ä–µ—à–µ–Ω–∏—è —É—á–µ–Ω–∏–∫–∞:**

–£—á–µ–Ω–∏–∫ –∑–∞–ø–∏—Å–∞–ª: $$x^2 + \cos(x) + C$$ –∏ —á—Ç–æ-—Ç–æ –µ—â—ë, —á—Ç–æ –Ω–µ –∏–º–µ–µ—Ç –æ—Ç–Ω–æ—à–µ–Ω–∏—è –∫ –∑–∞–¥–∞—á–µ.

**–°—Ä–∞–≤–Ω–µ–Ω–∏–µ —Å –º–∞—Ä–∫-—Å—Ö–µ–º–æ–π:**

1. **–ú–µ—Ç–æ–¥ –∏–Ω—Ç–µ–≥—Ä–∏—Ä–æ–≤–∞–Ω–∏—è –ø–æ —á–∞—Å—Ç—è–º**: –ù–µ –≤–∏–¥–µ–Ω –≤ —Ä–µ—à–µ–Ω–∏–∏. ‚Äî 0 –±–∞–ª–ª–æ–≤
2. **–†–∞–∑–¥–µ–ª–µ–Ω–∏–µ —Ñ—É–Ω–∫—Ü–∏–∏ –Ω–∞ –¥–≤–µ —á–∞—Å—Ç–∏**: –ù–µ –≤—ã–ø–æ–ª–Ω–µ–Ω–æ. ‚Äî 0 –±–∞–ª–ª–æ–≤
3. **–ù–∞—Ö–æ–∂–¥–µ–Ω–∏–µ –ø—Ä–æ–∏–∑–≤–æ–¥–Ω–æ–π –∏ –ø–µ—Ä–≤–æ–æ–±—Ä–∞–∑–Ω–æ–π**: –ù–µ –≤—ã–ø–æ–ª–Ω–µ–Ω–æ. ‚Äî 0 –±–∞–ª–ª–æ–≤
4. **–ü–æ–¥—Å—Ç–∞–Ω–æ–≤–∫–∞ –≤ —Ñ–æ—Ä–º—É–ª—É –∏ –∏–Ω—Ç–µ–≥—Ä–∏—Ä–æ–≤–∞–Ω–∏–µ**: –†–µ—à–µ–Ω–∏–µ –æ—Ç—Å—É—Ç—Å—Ç–≤—É–µ—Ç. ‚Äî 0 –±–∞–ª–ª–æ–≤
5. **–£–ø—Ä–æ—â–µ–Ω–∏–µ –∏ –ø—Ä–∏–≤–µ–¥–µ–Ω–∏–µ –∫ —É–¥–æ–±–Ω–æ–º—É –≤–∏–¥—É**: –û—à–∏–±–æ—á–Ω–æ–µ –≤—ã—Ä–∞–∂–µ–Ω–∏–µ –∑–∞–ø–∏—Å–∞–Ω–æ. ‚Äî 0 –±–∞–ª–ª–æ–≤

**–ò—Ç–æ–≥:**

–†–µ—à–µ–Ω–∏–µ –Ω–µ–≤–µ—Ä–Ω–æ–µ. –£—á–µ–Ω–∏–∫ –Ω–µ —Å–ª–µ–¥–æ–≤–∞–ª –ø—Ä–∞–≤–∏–ª—å–Ω—ã–º —à–∞–≥–∞–º –∏–Ω—Ç–µ–≥—Ä–∏—Ä–æ–≤–∞–Ω–∏—è –ø–æ —á–∞—Å—Ç—è–º.

**–¢–∏–ø –æ—à–∏–±–∫–∏:**

–õ–æ–≥–∏—á–µ—Å–∫–∞—è

**–û—Ü–µ–Ω–∫–∞: 0 –∏–∑ 5 –±–∞–ª–ª–æ–≤**",**,2025-04-22 22:53:45,–õ—ë–≥–∫–∞—è
aidana,"**–£—Å–ª–æ–≤–∏–µ –∑–∞–¥–∞—á–∏:**  
–ù–∞–π–¥–∏ –∏–Ω—Ç–µ–≥—Ä–∞–ª —Ñ—É–Ω–∫—Ü–∏–∏ $$x \cos(x)$$","**–†–µ—à–µ–Ω–∏–µ –∑–∞–¥–∞—á–∏:**

–î–ª—è –∏–Ω—Ç–µ–≥—Ä–∞–ª–∞ $$\int x \cos(x) \, dx$$ –ø—Ä–∏–º–µ–Ω–∏–º –º–µ—Ç–æ–¥ –∏–Ω—Ç–µ–≥—Ä–∏—Ä–æ–≤–∞–Ω–∏—è –ø–æ —á–∞—Å—Ç—è–º:

1. –í—ã–±–∏—Ä–∞–µ–º $$u = x$$ –∏ $$dv = \cos(x) \, dx$$.
2. –ù–∞—Ö–æ–¥–∏–º –ø—Ä–æ–∏–∑–≤–æ–¥–Ω—É—é $$du = dx$$ –∏ –ø–µ—Ä–≤–æ–æ–±—Ä–∞–∑–Ω—É—é $$v = \sin(x)$$.
3. –§–æ—Ä–º—É–ª–∞ –∏–Ω—Ç–µ–≥—Ä–∏—Ä–æ–≤–∞–Ω–∏—è –ø–æ —á–∞—Å—Ç—è–º: $$\int u \, dv = uv - \int v \, du$$.
4. –ü–æ–¥—Å—Ç–∞–≤–ª—è–µ–º:  
   $$\int x \cos(x) \, dx = x \sin(x) - \int \sin(x) \, dx$$.
5. –ò–Ω—Ç–µ–≥—Ä–∏—Ä—É–µ–º:  
   $$\int \sin(x) \, dx = -\cos(x)$$.
6. –ò—Ç–æ–≥–æ–≤—ã–π —Ä–µ–∑—É–ª—å—Ç–∞—Ç:  
   $$x \sin(x) + \cos(x) + C$$.

**–ê–Ω–∞–ª–∏–∑ —Ä–µ—à–µ–Ω–∏—è —É—á–µ–Ω–∏–∫–∞:**

–£—á–µ–Ω–∏–∫ –∑–∞–ø–∏—Å–∞–ª: $$x^2 + \cos(x) + C$$ –∏ —á—Ç–æ-—Ç–æ –µ—â—ë, —á—Ç–æ –Ω–µ –∏–º–µ–µ—Ç –æ—Ç–Ω–æ—à–µ–Ω–∏—è –∫ –∑–∞–¥–∞—á–µ.

**–°—Ä–∞–≤–Ω–µ–Ω–∏–µ —Å –º–∞—Ä–∫-—Å—Ö–µ–º–æ–π:**

1. **–ú–µ—Ç–æ–¥ –∏–Ω—Ç–µ–≥—Ä–∏—Ä–æ–≤–∞–Ω–∏—è –ø–æ —á–∞—Å—Ç—è–º**: –ù–µ –≤–∏–¥–µ–Ω –≤ —Ä–µ—à–µ–Ω–∏–∏. ‚Äî 0 –±–∞–ª–ª–æ–≤
2. **–†–∞–∑–¥–µ–ª–µ–Ω–∏–µ —Ñ—É–Ω–∫—Ü–∏–∏ –Ω–∞ –¥–≤–µ —á–∞—Å—Ç–∏**: –ù–µ –≤—ã–ø–æ–ª–Ω–µ–Ω–æ. ‚Äî 0 –±–∞–ª–ª–æ–≤
3. **–ù–∞—Ö–æ–∂–¥–µ–Ω–∏–µ –ø—Ä–æ–∏–∑–≤–æ–¥–Ω–æ–π –∏ –ø–µ—Ä–≤–æ–æ–±—Ä–∞–∑–Ω–æ–π**: –ù–µ –≤—ã–ø–æ–ª–Ω–µ–Ω–æ. ‚Äî 0 –±–∞–ª–ª–æ–≤
4. **–ü–æ–¥—Å—Ç–∞–Ω–æ–≤–∫–∞ –≤ —Ñ–æ—Ä–º—É–ª—É –∏ –∏–Ω—Ç–µ–≥—Ä–∏—Ä–æ–≤–∞–Ω–∏–µ**: –†–µ—à–µ–Ω–∏–µ –æ—Ç—Å—É—Ç—Å—Ç–≤—É–µ—Ç. ‚Äî 0 –±–∞–ª–ª–æ–≤
5. **–£–ø—Ä–æ—â–µ–Ω–∏–µ –∏ –ø—Ä–∏–≤–µ–¥–µ–Ω–∏–µ –∫ —É–¥–æ–±–Ω–æ–º—É –≤–∏–¥—É**: –û—à–∏–±–æ—á–Ω–æ–µ –≤—ã—Ä–∞–∂–µ–Ω–∏–µ –∑–∞–ø–∏—Å–∞–Ω–æ. ‚Äî 0 –±–∞–ª–ª–æ–≤

**–ò—Ç–æ–≥:**

–†–µ—à–µ–Ω–∏–µ –Ω–µ–≤–µ—Ä–Ω–æ–µ. –£—á–µ–Ω–∏–∫ –Ω–µ —Å–ª–µ–¥–æ–≤–∞–ª –ø—Ä–∞–≤–∏–ª—å–Ω—ã–º —à–∞–≥–∞–º –∏–Ω—Ç–µ–≥—Ä–∏—Ä–æ–≤–∞–Ω–∏—è –ø–æ —á–∞—Å—Ç—è–º.

**–¢–∏–ø –æ—à–∏–±–∫–∏:**

–õ–æ–≥–∏—á–µ—Å–∫–∞—è

**–û—Ü–µ–Ω–∫–∞: 0 –∏–∑ 5 –±–∞–ª–ª–æ–≤**",2025-04-22 22:53:45,,,
aidana,–ò–Ω—Ç–µ–≥—Ä–∞–ª—ã,"**–£—Å–ª–æ–≤–∏–µ –∑–∞–¥–∞—á–∏:**  
–ù–∞–π–¥–∏ –∏–Ω—Ç–µ–≥—Ä–∞–ª —Ñ—É–Ω–∫—Ü–∏–∏ $$\frac{x}{\sqrt{1-x^2}}$$","**–†–µ—à–µ–Ω–∏–µ –∑–∞–¥–∞—á–∏:**  

1. –ò—Å–ø–æ–ª—å–∑—É–µ–º –ø–æ–¥—Å—Ç–∞–Ω–æ–≤–∫—É: $$x = \sin(u) \Rightarrow dx = \cos(u) \, du$$.
2. –¢–æ–≥–¥–∞ –∏–Ω—Ç–µ–≥—Ä–∞–ª –ø—Ä–µ–≤—Ä–∞—â–∞–µ—Ç—Å—è –≤:
   $$\int \frac{x}{\sqrt{1-x^2}} \, dx = \int \frac{\sin(u)}{\sqrt{1-\sin^2(u)}} \cos(u) \, du = \int \sin(u) \, du = -\cos(u) + C.$$
3. –í–µ—Ä–Ω–µ–º –ø–æ–¥—Å—Ç–∞–Ω–æ–≤–∫—É: $$u = \arcsin(x) \Rightarrow -\cos(u) = -\sqrt{1-x^2}$$.  
   –û—Ç–≤–µ—Ç: $$-\sqrt{1-x^2} + C$$.

**–ê–Ω–∞–ª–∏–∑ —Ä–µ—à–µ–Ω–∏—è —É—á–µ–Ω–∏–∫–∞:**

1. –£—á–µ–Ω–∏–∫ –∏—Å–ø–æ–ª—å–∑–æ–≤–∞–ª –ø–æ–¥—Å—Ç–∞–Ω–æ–≤–∫—É $$1-x^2=t$$.
2. –í—ã—Ä–∞–∑–∏–ª –¥–∏—Ñ—Ñ–µ—Ä–µ–Ω—Ü–∏–∞–ª: $$-2x \, dx = dt$$.
3. –ü—Ä–µ–æ–±—Ä–∞–∑–æ–≤–∞–ª –∏–Ω—Ç–µ–≥—Ä–∞–ª –≤ $$-\frac{1}{2} \int \frac{dt}{\sqrt{t}}$$.
4. –†–µ—à–µ–Ω–∏–µ –∏–Ω—Ç–µ–≥—Ä–∞–ª–∞: $$-\frac{1}{2} \cdot \frac{2}{3} \cdot t^{3/2} = -\frac{2}{3} t^{3/2}$$.
5. –í–µ—Ä–Ω—É–ª –ø–æ–¥—Å—Ç–∞–Ω–æ–≤–∫—É, —á—Ç–æ–±—ã –ø–æ–ª—É—á–∏—Ç—å $$-\frac{(1-x^2)\sqrt{1-x^2}}{3}$$.

**–°—Ä–∞–≤–Ω–µ–Ω–∏–µ —Å –º–∞—Ä–∫-—Å—Ö–µ–º–æ–π:**

1. –ü—Ä–∏–º–µ–Ω–∏—Ç—å –º–µ—Ç–æ–¥ –∏–Ω—Ç–µ–≥—Ä–∏—Ä–æ–≤–∞–Ω–∏—è –ø–æ –ø–æ–¥—Å—Ç–∞–Ω–æ–≤–∫–µ ‚Äî 1 –±–∞–ª–ª (–ø–æ–¥—Å—Ç–∞–Ω–æ–≤–∫–∞ –∏—Å–ø–æ–ª—å–∑–æ–≤–∞–Ω–∞, –Ω–æ –¥—Ä—É–≥–∞—è).
2. –í—ã–±—Ä–∞—Ç—å –ø–æ–¥—Å—Ç–∞–Ω–æ–≤–∫—É $$x = \sin(u)$$ ‚Äî 0 –±–∞–ª–ª–æ–≤ (–Ω–µ –≤—ã–±—Ä–∞–Ω–∞).
3. –ü—Ä–µ–æ–±—Ä–∞–∑–æ–≤–∞—Ç—å –∏–Ω—Ç–µ–≥—Ä–∞–ª —Å —É—á–µ—Ç–æ–º –ø–æ–¥—Å—Ç–∞–Ω–æ–≤–∫–∏ ‚Äî 1 –±–∞–ª–ª (–ø—Ä–∞–≤–∏–ª—å–Ω–æ–µ –ø—Ä–µ–æ–±—Ä–∞–∑–æ–≤–∞–Ω–∏–µ, –Ω–æ —Å –¥—Ä—É–≥–æ–π –ø–æ–¥—Å—Ç–∞–Ω–æ–≤–∫–æ–π).
4. –ù–∞–π—Ç–∏ –ø–µ—Ä–≤–æ–æ–±—Ä–∞–∑–Ω—É—é $$\int \cos^2(u) \, du$$ ‚Äî 0 –±–∞–ª–ª–æ–≤ (–¥—Ä—É–≥–∞—è —Ñ—É–Ω–∫—Ü–∏—è –±—ã–ª–∞ –∏–Ω—Ç–µ–≥—Ä–∏—Ä–æ–≤–∞–Ω–∞).
5. –í–µ—Ä–Ω—É—Ç—å –ø–æ–¥—Å—Ç–∞–≤–ª–µ–Ω–Ω—É—é –ø–µ—Ä–µ–º–µ–Ω–Ω—É—é –≤ –∏—Å—Ö–æ–¥–Ω—É—é ‚Äî 1 –±–∞–ª–ª (–ø–æ–¥—Å—Ç–∞–Ω–æ–≤–∫–∞ –≤–µ—Ä–Ω—É—Ç–∞, –Ω–æ –¥—Ä—É–≥–∞—è).

**–ò—Ç–æ–≥:**

–†–µ—à–µ–Ω–∏–µ –ø–æ–¥–æ—à–ª–æ –¥—Ä—É–≥–∏–º —Å–ø–æ—Å–æ–±–æ–º, –Ω–µ—Å–º–æ—Ç—Ä—è –Ω–∞ –æ—à–∏–±–∫—É –≤ –≤—ã–±–æ—Ä–µ –ø–æ–¥—Å—Ç–∞–Ω–æ–≤–∫–∏. –£—á–µ–Ω–∏–∫ –∏—Å–ø–æ–ª—å–∑–æ–≤–∞–ª –≤–∞—Ä–∏–∞–Ω—Ç, –∫–æ—Ç–æ—Ä—ã–π –ø—Ä–∏–≤–µ–ª –∫ –¥—Ä—É–≥–æ–º—É –≤–∏–¥—É –æ—Ç–≤–µ—Ç–∞.

**–¢–∏–ø –æ—à–∏–±–∫–∏:**  
–õ–æ–≥–∏—á–µ—Å–∫–∞—è (–≤—ã–±–æ—Ä –¥—Ä—É–≥–æ–π –ø–æ–¥—Å—Ç–∞–Ω–æ–≤–∫–∏).

**–û—Ü–µ–Ω–∫–∞: 3 –∏–∑ 5 –±–∞–ª–ª–æ–≤**",**,2025-04-22 23:02:18,–õ—ë–≥–∫–∞—è
aidana,"**–£—Å–ª–æ–≤–∏–µ –∑–∞–¥–∞—á–∏:**  
–ù–∞–π–¥–∏ –∏–Ω—Ç–µ–≥—Ä–∞–ª —Ñ—É–Ω–∫—Ü–∏–∏ $$\frac{x}{\sqrt{1-x^2}}$$","**–†–µ—à–µ–Ω–∏–µ –∑–∞–¥–∞—á–∏:**  

1. –ò—Å–ø–æ–ª—å–∑—É–µ–º –ø–æ–¥—Å—Ç–∞–Ω–æ–≤–∫—É: $$x = \sin(u) \Rightarrow dx = \cos(u) \, du$$.
2. –¢–æ–≥–¥–∞ –∏–Ω—Ç–µ–≥—Ä–∞–ª –ø—Ä–µ–≤—Ä–∞—â–∞–µ—Ç—Å—è –≤:
   $$\int \frac{x}{\sqrt{1-x^2}} \, dx = \int \frac{\sin(u)}{\sqrt{1-\sin^2(u)}} \cos(u) \, du = \int \sin(u) \, du = -\cos(u) + C.$$
3. –í–µ—Ä–Ω–µ–º –ø–æ–¥—Å—Ç–∞–Ω–æ–≤–∫—É: $$u = \arcsin(x) \Rightarrow -\cos(u) = -\sqrt{1-x^2}$$.  
   –û—Ç–≤–µ—Ç: $$-\sqrt{1-x^2} + C$$.

**–ê–Ω–∞–ª–∏–∑ —Ä–µ—à–µ–Ω–∏—è —É—á–µ–Ω–∏–∫–∞:**

1. –£—á–µ–Ω–∏–∫ –∏—Å–ø–æ–ª—å–∑–æ–≤–∞–ª –ø–æ–¥—Å—Ç–∞–Ω–æ–≤–∫—É $$1-x^2=t$$.
2. –í—ã—Ä–∞–∑–∏–ª –¥–∏—Ñ—Ñ–µ—Ä–µ–Ω—Ü–∏–∞–ª: $$-2x \, dx = dt$$.
3. –ü—Ä–µ–æ–±—Ä–∞–∑–æ–≤–∞–ª –∏–Ω—Ç–µ–≥—Ä–∞–ª –≤ $$-\frac{1}{2} \int \frac{dt}{\sqrt{t}}$$.
4. –†–µ—à–µ–Ω–∏–µ –∏–Ω—Ç–µ–≥—Ä–∞–ª–∞: $$-\frac{1}{2} \cdot \frac{2}{3} \cdot t^{3/2} = -\frac{2}{3} t^{3/2}$$.
5. –í–µ—Ä–Ω—É–ª –ø–æ–¥—Å—Ç–∞–Ω–æ–≤–∫—É, —á—Ç–æ–±—ã –ø–æ–ª—É—á–∏—Ç—å $$-\frac{(1-x^2)\sqrt{1-x^2}}{3}$$.

**–°—Ä–∞–≤–Ω–µ–Ω–∏–µ —Å –º–∞—Ä–∫-—Å—Ö–µ–º–æ–π:**

1. –ü—Ä–∏–º–µ–Ω–∏—Ç—å –º–µ—Ç–æ–¥ –∏–Ω—Ç–µ–≥—Ä–∏—Ä–æ–≤–∞–Ω–∏—è –ø–æ –ø–æ–¥—Å—Ç–∞–Ω–æ–≤–∫–µ ‚Äî 1 –±–∞–ª–ª (–ø–æ–¥—Å—Ç–∞–Ω–æ–≤–∫–∞ –∏—Å–ø–æ–ª—å–∑–æ–≤–∞–Ω–∞, –Ω–æ –¥—Ä—É–≥–∞—è).
2. –í—ã–±—Ä–∞—Ç—å –ø–æ–¥—Å—Ç–∞–Ω–æ–≤–∫—É $$x = \sin(u)$$ ‚Äî 0 –±–∞–ª–ª–æ–≤ (–Ω–µ –≤—ã–±—Ä–∞–Ω–∞).
3. –ü—Ä–µ–æ–±—Ä–∞–∑–æ–≤–∞—Ç—å –∏–Ω—Ç–µ–≥—Ä–∞–ª —Å —É—á–µ—Ç–æ–º –ø–æ–¥—Å—Ç–∞–Ω–æ–≤–∫–∏ ‚Äî 1 –±–∞–ª–ª (–ø—Ä–∞–≤–∏–ª—å–Ω–æ–µ –ø—Ä–µ–æ–±—Ä–∞–∑–æ–≤–∞–Ω–∏–µ, –Ω–æ —Å –¥—Ä—É–≥–æ–π –ø–æ–¥—Å—Ç–∞–Ω–æ–≤–∫–æ–π).
4. –ù–∞–π—Ç–∏ –ø–µ—Ä–≤–æ–æ–±—Ä–∞–∑–Ω—É—é $$\int \cos^2(u) \, du$$ ‚Äî 0 –±–∞–ª–ª–æ–≤ (–¥—Ä—É–≥–∞—è —Ñ—É–Ω–∫—Ü–∏—è –±—ã–ª–∞ –∏–Ω—Ç–µ–≥—Ä–∏—Ä–æ–≤–∞–Ω–∞).
5. –í–µ—Ä–Ω—É—Ç—å –ø–æ–¥—Å—Ç–∞–≤–ª–µ–Ω–Ω—É—é –ø–µ—Ä–µ–º–µ–Ω–Ω—É—é –≤ –∏—Å—Ö–æ–¥–Ω—É—é ‚Äî 1 –±–∞–ª–ª (–ø–æ–¥—Å—Ç–∞–Ω–æ–≤–∫–∞ –≤–µ—Ä–Ω—É—Ç–∞, –Ω–æ –¥—Ä—É–≥–∞—è).

**–ò—Ç–æ–≥:**

–†–µ—à–µ–Ω–∏–µ –ø–æ–¥–æ—à–ª–æ –¥—Ä—É–≥–∏–º —Å–ø–æ—Å–æ–±–æ–º, –Ω–µ—Å–º–æ—Ç—Ä—è –Ω–∞ –æ—à–∏–±–∫—É –≤ –≤—ã–±–æ—Ä–µ –ø–æ–¥—Å—Ç–∞–Ω–æ–≤–∫–∏. –£—á–µ–Ω–∏–∫ –∏—Å–ø–æ–ª—å–∑–æ–≤–∞–ª –≤–∞—Ä–∏–∞–Ω—Ç, –∫–æ—Ç–æ—Ä—ã–π –ø—Ä–∏–≤–µ–ª –∫ –¥—Ä—É–≥–æ–º—É –≤–∏–¥—É –æ—Ç–≤–µ—Ç–∞.

**–¢–∏–ø –æ—à–∏–±–∫–∏:**  
–õ–æ–≥–∏—á–µ—Å–∫–∞—è (–≤—ã–±–æ—Ä –¥—Ä—É–≥–æ–π –ø–æ–¥—Å—Ç–∞–Ω–æ–≤–∫–∏).

**–û—Ü–µ–Ω–∫–∞: 3 –∏–∑ 5 –±–∞–ª–ª–æ–≤**",2025-04-22 23:02:18,,,
aidana,–ò–Ω—Ç–µ–≥—Ä–∞–ª—ã,"**–£—Å–ª–æ–≤–∏–µ –∑–∞–¥–∞—á–∏:**  
–ù–∞–π–¥–∏ –∏–Ω—Ç–µ–≥—Ä–∞–ª —Ñ—É–Ω–∫—Ü–∏–∏ $$\frac{x}{\sqrt{1-x^2}}$$","**–†–µ—à–µ–Ω–∏–µ –∑–∞–¥–∞—á–∏:**

1. –ü—Ä–∏–º–µ–Ω–∏–º –º–µ—Ç–æ–¥ –∏–Ω—Ç–µ–≥—Ä–∏—Ä–æ–≤–∞–Ω–∏—è –ø–æ –ø–æ–¥—Å—Ç–∞–Ω–æ–≤–∫–µ: –ø—É—Å—Ç—å $$x = \sin(u)$$, —Ç–æ–≥–¥–∞ $$dx = \cos(u) \, du$$.
2. –ò–∑ —ç—Ç–æ–≥–æ —Å–ª–µ–¥—É–µ—Ç: 
   $$\sqrt{1-x^2} = \sqrt{1-\sin^2(u)} = \cos(u)$$.
3. –ü–æ–¥—Å—Ç–∞–≤–ª—è–µ–º –≤ –∏–Ω—Ç–µ–≥—Ä–∞–ª:
   $$\int \frac{x}{\sqrt{1-x^2}} \, dx = \int \frac{\sin(u)}{\cos(u)} \cdot \cos(u) \, du = \int \sin(u) \, du$$.
4. –ù–∞–π–¥–µ–º –ø–µ—Ä–≤–æ–æ–±—Ä–∞–∑–Ω—É—é: 
   $$\int \sin(u) \, du = -\cos(u) + C$$.
5. –í–µ—Ä–Ω–µ–º—Å—è –∫ –ø–µ—Ä–µ–º–µ–Ω–Ω–æ–π $$x$$:
   $$-\cos(u) + C = -\sqrt{1-x^2} + C$$.

**–ê–Ω–∞–ª–∏–∑ —Ä–µ—à–µ–Ω–∏—è —É—á–µ–Ω–∏–∫–∞:**

–£—á–µ–Ω–∏–∫ –∏—Å–ø–æ–ª—å–∑—É–µ—Ç –ø–æ–¥—Å—Ç–∞–Ω–æ–≤–∫—É:  
1. $$1 - x^2 = t$$ –∏ $$-2x \, dx = dt$$.  
2. –ò–Ω—Ç–µ–≥—Ä–∏—Ä—É–µ—Ç —Ñ–æ—Ä–º—É–ª—É $$ \int \frac{dt}{\sqrt{t}} $$ –∑–∞—Ç–µ–º –æ—à–∏–±–æ—á–Ω–æ –≤—ã–±–∏—Ä–∞–µ—Ç –∏–Ω—Ç–µ–≥—Ä–∞–ª. 

**–°—Ä–∞–≤–Ω–µ–Ω–∏–µ —Å –º–∞—Ä–∫-—Å—Ö–µ–º–æ–π:**

1. **–ú–µ—Ç–æ–¥ –ø–æ–¥—Å—Ç–∞–Ω–æ–≤–∫–∏:** –£—á–µ–Ω–∏–∫ –∏—Å–ø–æ–ª—å–∑–æ–≤–∞–ª –ø–æ–¥—Å—Ç–∞–Ω–æ–≤–∫—É, –Ω–æ –Ω–µ–≤–µ—Ä–Ω–æ. 0 –±–∞–ª–ª–æ–≤.
2. **–í—ã–±–æ—Ä –ø–æ–¥—Å—Ç–∞–Ω–æ–≤–∫–∏:** –£—á–µ–Ω–∏–∫ –Ω–µ –≤—ã–±—Ä–∞–ª $$x = \sin(u)$$. 0 –±–∞–ª–ª–æ–≤.
3. **–ü—Ä–µ–æ–±—Ä–∞–∑–æ–≤–∞–Ω–∏–µ –∏–Ω—Ç–µ–≥—Ä–∞–ª–∞:** –ù–µ–≤–µ—Ä–Ω–æ–µ –ø—Ä–µ–æ–±—Ä–∞–∑–æ–≤–∞–Ω–∏–µ. 0 –±–∞–ª–ª–æ–≤.
4. **–ù–∞—Ö–æ–∂–¥–µ–Ω–∏–µ –ø–µ—Ä–≤–æ–æ–±—Ä–∞–∑–Ω–æ–π:** –ù–µ–≤–µ—Ä–Ω–æ –Ω–∞–π–¥–µ—Ç –∏–Ω—Ç–µ–≥—Ä–∞–ª. 0 –±–∞–ª–ª–æ–≤.
5. **–í–æ–∑–≤—Ä–∞—Ç –ø–µ—Ä–µ–º–µ–Ω–Ω–æ–π:** –ù–µ—Ç –≤–æ–∑–≤—Ä–∞—â–µ–Ω–∏—è –∫ $$x$$. 0 –±–∞–ª–ª–æ–≤.

**–ò—Ç–æ–≥:**  
–ó–∞–¥–∞—á–∞ —Ä–µ—à–µ–Ω–∞ –Ω–µ–≤–µ—Ä–Ω–æ. –£—á–µ–Ω–∏–∫ –ø—Ä–∏–º–µ–Ω–∏–ª –Ω–µ–ø–æ–¥—Ö–æ–¥—è—â—É—é –ø–æ–¥—Å—Ç–∞–Ω–æ–≤–∫—É –∏ –Ω–µ —Å–º–æ–≥ –ø—Ä–∞–≤–∏–ª—å–Ω–æ –Ω–∞–π—Ç–∏ –∏–Ω—Ç–µ–≥—Ä–∞–ª.

**–¢–∏–ø –æ—à–∏–±–∫–∏:**  
–õ–æ–≥–∏—á–µ—Å–∫–∞—è

**–û—Ü–µ–Ω–∫–∞: 0 –∏–∑ 5 –±–∞–ª–ª–æ–≤**",**,2025-04-22 23:06:54,–õ—ë–≥–∫–∞—è
aidana,"**–£—Å–ª–æ–≤–∏–µ –∑–∞–¥–∞—á–∏:**  
–ù–∞–π–¥–∏ –∏–Ω—Ç–µ–≥—Ä–∞–ª —Ñ—É–Ω–∫—Ü–∏–∏ $$\frac{x}{\sqrt{1-x^2}}$$","**–†–µ—à–µ–Ω–∏–µ –∑–∞–¥–∞—á–∏:**

1. –ü—Ä–∏–º–µ–Ω–∏–º –º–µ—Ç–æ–¥ –∏–Ω—Ç–µ–≥—Ä–∏—Ä–æ–≤–∞–Ω–∏—è –ø–æ –ø–æ–¥—Å—Ç–∞–Ω–æ–≤–∫–µ: –ø—É—Å—Ç—å $$x = \sin(u)$$, —Ç–æ–≥–¥–∞ $$dx = \cos(u) \, du$$.
2. –ò–∑ —ç—Ç–æ–≥–æ —Å–ª–µ–¥—É–µ—Ç: 
   $$\sqrt{1-x^2} = \sqrt{1-\sin^2(u)} = \cos(u)$$.
3. –ü–æ–¥—Å—Ç–∞–≤–ª—è–µ–º –≤ –∏–Ω—Ç–µ–≥—Ä–∞–ª:
   $$\int \frac{x}{\sqrt{1-x^2}} \, dx = \int \frac{\sin(u)}{\cos(u)} \cdot \cos(u) \, du = \int \sin(u) \, du$$.
4. –ù–∞–π–¥–µ–º –ø–µ—Ä–≤–æ–æ–±—Ä–∞–∑–Ω—É—é: 
   $$\int \sin(u) \, du = -\cos(u) + C$$.
5. –í–µ—Ä–Ω–µ–º—Å—è –∫ –ø–µ—Ä–µ–º–µ–Ω–Ω–æ–π $$x$$:
   $$-\cos(u) + C = -\sqrt{1-x^2} + C$$.

**–ê–Ω–∞–ª–∏–∑ —Ä–µ—à–µ–Ω–∏—è —É—á–µ–Ω–∏–∫–∞:**

–£—á–µ–Ω–∏–∫ –∏—Å–ø–æ–ª—å–∑—É–µ—Ç –ø–æ–¥—Å—Ç–∞–Ω–æ–≤–∫—É:  
1. $$1 - x^2 = t$$ –∏ $$-2x \, dx = dt$$.  
2. –ò–Ω—Ç–µ–≥—Ä–∏—Ä—É–µ—Ç —Ñ–æ—Ä–º—É–ª—É $$ \int \frac{dt}{\sqrt{t}} $$ –∑–∞—Ç–µ–º –æ—à–∏–±–æ—á–Ω–æ –≤—ã–±–∏—Ä–∞–µ—Ç –∏–Ω—Ç–µ–≥—Ä–∞–ª. 

**–°—Ä–∞–≤–Ω–µ–Ω–∏–µ —Å –º–∞—Ä–∫-—Å—Ö–µ–º–æ–π:**

1. **–ú–µ—Ç–æ–¥ –ø–æ–¥—Å—Ç–∞–Ω–æ–≤–∫–∏:** –£—á–µ–Ω–∏–∫ –∏—Å–ø–æ–ª—å–∑–æ–≤–∞–ª –ø–æ–¥—Å—Ç–∞–Ω–æ–≤–∫—É, –Ω–æ –Ω–µ–≤–µ—Ä–Ω–æ. 0 –±–∞–ª–ª–æ–≤.
2. **–í—ã–±–æ—Ä –ø–æ–¥—Å—Ç–∞–Ω–æ–≤–∫–∏:** –£—á–µ–Ω–∏–∫ –Ω–µ –≤—ã–±—Ä–∞–ª $$x = \sin(u)$$. 0 –±–∞–ª–ª–æ–≤.
3. **–ü—Ä–µ–æ–±—Ä–∞–∑–æ–≤–∞–Ω–∏–µ –∏–Ω—Ç–µ–≥—Ä–∞–ª–∞:** –ù–µ–≤–µ—Ä–Ω–æ–µ –ø—Ä–µ–æ–±—Ä–∞–∑–æ–≤–∞–Ω–∏–µ. 0 –±–∞–ª–ª–æ–≤.
4. **–ù–∞—Ö–æ–∂–¥–µ–Ω–∏–µ –ø–µ—Ä–≤–æ–æ–±—Ä–∞–∑–Ω–æ–π:** –ù–µ–≤–µ—Ä–Ω–æ –Ω–∞–π–¥–µ—Ç –∏–Ω—Ç–µ–≥—Ä–∞–ª. 0 –±–∞–ª–ª–æ–≤.
5. **–í–æ–∑–≤—Ä–∞—Ç –ø–µ—Ä–µ–º–µ–Ω–Ω–æ–π:** –ù–µ—Ç –≤–æ–∑–≤—Ä–∞—â–µ–Ω–∏—è –∫ $$x$$. 0 –±–∞–ª–ª–æ–≤.

**–ò—Ç–æ–≥:**  
–ó–∞–¥–∞—á–∞ —Ä–µ—à–µ–Ω–∞ –Ω–µ–≤–µ—Ä–Ω–æ. –£—á–µ–Ω–∏–∫ –ø—Ä–∏–º–µ–Ω–∏–ª –Ω–µ–ø–æ–¥—Ö–æ–¥—è—â—É—é –ø–æ–¥—Å—Ç–∞–Ω–æ–≤–∫—É –∏ –Ω–µ —Å–º–æ–≥ –ø—Ä–∞–≤–∏–ª—å–Ω–æ –Ω–∞–π—Ç–∏ –∏–Ω—Ç–µ–≥—Ä–∞–ª.

**–¢–∏–ø –æ—à–∏–±–∫–∏:**  
–õ–æ–≥–∏—á–µ—Å–∫–∞—è

**–û—Ü–µ–Ω–∫–∞: 0 –∏–∑ 5 –±–∞–ª–ª–æ–≤**",2025-04-22 23:06:54,,,
aidana,–ò–Ω—Ç–µ–≥—Ä–∞–ª—ã,"**–£—Å–ª–æ–≤–∏–µ –∑–∞–¥–∞—á–∏:**  
–ù–∞–π–¥–∏ –∏–Ω—Ç–µ–≥—Ä–∞–ª —Ñ—É–Ω–∫—Ü–∏–∏ $$\int (3x^2 + 2x) e^{x^3 + x^2} dx$$","**–†–µ—à–µ–Ω–∏–µ –∑–∞–¥–∞—á–∏:**  
1. –í—ã–±–∏—Ä–∞–µ–º –ø–æ–¥—Å—Ç–∞–Ω–æ–≤–∫—É: $$u = x^3 + x^2$$  
2. –ù–∞—Ö–æ–¥–∏–º –ø—Ä–æ–∏–∑–≤–æ–¥–Ω—É—é: $$du = (3x^2 + 2x) dx$$  
3. –ü–µ—Ä–µ–ø–∏—Å—ã–≤–∞–µ–º –∏–Ω—Ç–µ–≥—Ä–∞–ª: $$\int (3x^2 + 2x) e^{x^3 + x^2} dx = \int e^u du$$  
4. –í—ã—á–∏—Å–ª—è–µ–º –∏–Ω—Ç–µ–≥—Ä–∞–ª: $$\int e^u du = e^u + C$$  
5. –ó–∞–º–µ–Ω—è–µ–º $$u$$ –æ–±—Ä–∞—Ç–Ω–æ: $$e^{x^3 + x^2} + C$$  

**–ê–Ω–∞–ª–∏–∑ —Ä–µ—à–µ–Ω–∏—è —É—á–µ–Ω–∏–∫–∞:**  
–£—á–µ–Ω–∏–∫ –Ω–∞–ø–∏—Å–∞–ª: $$e^{x^3 + x^2} + C$$.

**–°—Ä–∞–≤–Ω–µ–Ω–∏–µ —Å –º–∞—Ä–∫-—Å—Ö–µ–º–æ–π:**  
1. –ü–æ–¥—Å—Ç–∞–Ω–æ–≤–∫–∞ $$u = x^3 + x^2$$ ‚Äî –æ—Ç—Å—É—Ç—Å—Ç–≤—É–µ—Ç –≤ —è–≤–Ω–æ–º –≤–∏–¥–µ. **0 –±–∞–ª–ª–æ–≤**  
2. –ü—Ä–æ–∏–∑–≤–æ–¥–Ω–∞—è $$du = (3x^2 + 2x) dx$$ ‚Äî –æ—Ç—Å—É—Ç—Å—Ç–≤—É–µ—Ç –≤ —è–≤–Ω–æ–º –≤–∏–¥–µ. **0 –±–∞–ª–ª–æ–≤**  
3. –ü–µ—Ä–µ–ø–∏—Å–∞–Ω –∏–Ω—Ç–µ–≥—Ä–∞–ª –∫–∞–∫ $$\int e^u du$$ ‚Äî –æ—Ç—Å—É—Ç—Å—Ç–≤—É–µ—Ç. **0 –±–∞–ª–ª–æ–≤**    
4. –í—ã—á–∏—Å–ª–µ–Ω –∏–Ω—Ç–µ–≥—Ä–∞–ª $$\int e^u du = e^u + C$$ ‚Äî –æ—Ç—Å—É—Ç—Å—Ç–≤—É–µ—Ç, –Ω–æ –∫–æ–Ω–µ—á–Ω—ã–π –æ—Ç–≤–µ—Ç –≤–µ—Ä–Ω—ã–π. **1 –±–∞–ª–ª (–¥–æ–±—Ä–∞—è –æ—Ü–µ–Ω–∫–∞)**    
5. –ó–∞–º–µ–Ω–µ–Ω $$u$$ –Ω–∞ $$x^3 + x^2$$ ‚Äî —Ä–µ–∑—É–ª—å—Ç–∞—Ç —Å–æ–æ—Ç–≤–µ—Ç—Å—Ç–≤—É–µ—Ç, —Ö–æ—Ç—è —è–≤–Ω–∞—è –∑–∞–º–µ–Ω–∞ –Ω–µ –ø–æ–∫–∞–∑–∞–Ω–∞. **1 –±–∞–ª–ª**  

**–ò—Ç–æ–≥:**  
–ù–µ—Å–º–æ—Ç—Ä—è –Ω–∞ –æ—Ç—Å—É—Ç—Å—Ç–≤–∏–µ –ø—Ä–æ–º–µ–∂—É—Ç–æ—á–Ω—ã—Ö —à–∞–≥–æ–≤, –∫–æ–Ω–µ—á–Ω—ã–π —Ä–µ–∑—É–ª—å—Ç–∞—Ç –≤–µ—Ä–Ω—ã–π.

**–¢–∏–ø –æ—à–∏–±–∫–∏:**  
–ú–µ—Ç–æ–¥–∏—á–µ—Å–∫–∞—è ‚Äî –Ω–µ –ø–æ–∫–∞–∑–∞–Ω—ã –ø—Ä–æ–º–µ–∂—É—Ç–æ—á–Ω—ã–µ —à–∞–≥–∏.

**–û—Ü–µ–Ω–∫–∞: 2 –∏–∑ 5 –±–∞–ª–ª–æ–≤**",**,2025-04-22 23:08:03,–õ—ë–≥–∫–∞—è
aidana,"**–£—Å–ª–æ–≤–∏–µ –∑–∞–¥–∞—á–∏:**  
–ù–∞–π–¥–∏ –∏–Ω—Ç–µ–≥—Ä–∞–ª —Ñ—É–Ω–∫—Ü–∏–∏ $$\int (3x^2 + 2x) e^{x^3 + x^2} dx$$","**–†–µ—à–µ–Ω–∏–µ –∑–∞–¥–∞—á–∏:**  
1. –í—ã–±–∏—Ä–∞–µ–º –ø–æ–¥—Å—Ç–∞–Ω–æ–≤–∫—É: $$u = x^3 + x^2$$  
2. –ù–∞—Ö–æ–¥–∏–º –ø—Ä–æ–∏–∑–≤–æ–¥–Ω—É—é: $$du = (3x^2 + 2x) dx$$  
3. –ü–µ—Ä–µ–ø–∏—Å—ã–≤–∞–µ–º –∏–Ω—Ç–µ–≥—Ä–∞–ª: $$\int (3x^2 + 2x) e^{x^3 + x^2} dx = \int e^u du$$  
4. –í—ã—á–∏—Å–ª—è–µ–º –∏–Ω—Ç–µ–≥—Ä–∞–ª: $$\int e^u du = e^u + C$$  
5. –ó–∞–º–µ–Ω—è–µ–º $$u$$ –æ–±—Ä–∞—Ç–Ω–æ: $$e^{x^3 + x^2} + C$$  

**–ê–Ω–∞–ª–∏–∑ —Ä–µ—à–µ–Ω–∏—è —É—á–µ–Ω–∏–∫–∞:**  
–£—á–µ–Ω–∏–∫ –Ω–∞–ø–∏—Å–∞–ª: $$e^{x^3 + x^2} + C$$.

**–°—Ä–∞–≤–Ω–µ–Ω–∏–µ —Å –º–∞—Ä–∫-—Å—Ö–µ–º–æ–π:**  
1. –ü–æ–¥—Å—Ç–∞–Ω–æ–≤–∫–∞ $$u = x^3 + x^2$$ ‚Äî –æ—Ç—Å—É—Ç—Å—Ç–≤—É–µ—Ç –≤ —è–≤–Ω–æ–º –≤–∏–¥–µ. **0 –±–∞–ª–ª–æ–≤**  
2. –ü—Ä–æ–∏–∑–≤–æ–¥–Ω–∞—è $$du = (3x^2 + 2x) dx$$ ‚Äî –æ—Ç—Å—É—Ç—Å—Ç–≤—É–µ—Ç –≤ —è–≤–Ω–æ–º –≤–∏–¥–µ. **0 –±–∞–ª–ª–æ–≤**  
3. –ü–µ—Ä–µ–ø–∏—Å–∞–Ω –∏–Ω—Ç–µ–≥—Ä–∞–ª –∫–∞–∫ $$\int e^u du$$ ‚Äî –æ—Ç—Å—É—Ç—Å—Ç–≤—É–µ—Ç. **0 –±–∞–ª–ª–æ–≤**    
4. –í—ã—á–∏—Å–ª–µ–Ω –∏–Ω—Ç–µ–≥—Ä–∞–ª $$\int e^u du = e^u + C$$ ‚Äî –æ—Ç—Å—É—Ç—Å—Ç–≤—É–µ—Ç, –Ω–æ –∫–æ–Ω–µ—á–Ω—ã–π –æ—Ç–≤–µ—Ç –≤–µ—Ä–Ω—ã–π. **1 –±–∞–ª–ª (–¥–æ–±—Ä–∞—è –æ—Ü–µ–Ω–∫–∞)**    
5. –ó–∞–º–µ–Ω–µ–Ω $$u$$ –Ω–∞ $$x^3 + x^2$$ ‚Äî —Ä–µ–∑—É–ª—å—Ç–∞—Ç —Å–æ–æ—Ç–≤–µ—Ç—Å—Ç–≤—É–µ—Ç, —Ö–æ—Ç—è —è–≤–Ω–∞—è –∑–∞–º–µ–Ω–∞ –Ω–µ –ø–æ–∫–∞–∑–∞–Ω–∞. **1 –±–∞–ª–ª**  

**–ò—Ç–æ–≥:**  
–ù–µ—Å–º–æ—Ç—Ä—è –Ω–∞ –æ—Ç—Å—É—Ç—Å—Ç–≤–∏–µ –ø—Ä–æ–º–µ–∂—É—Ç–æ—á–Ω—ã—Ö —à–∞–≥–æ–≤, –∫–æ–Ω–µ—á–Ω—ã–π —Ä–µ–∑—É–ª—å—Ç–∞—Ç –≤–µ—Ä–Ω—ã–π.

**–¢–∏–ø –æ—à–∏–±–∫–∏:**  
–ú–µ—Ç–æ–¥–∏—á–µ—Å–∫–∞—è ‚Äî –Ω–µ –ø–æ–∫–∞–∑–∞–Ω—ã –ø—Ä–æ–º–µ–∂—É—Ç–æ—á–Ω—ã–µ —à–∞–≥–∏.

**–û—Ü–µ–Ω–∫–∞: 2 –∏–∑ 5 –±–∞–ª–ª–æ–≤**",2025-04-22 23:08:03,,,
aidana,–ò–Ω—Ç–µ–≥—Ä–∞–ª—ã,"**–£—Å–ª–æ–≤–∏–µ –∑–∞–¥–∞—á–∏:**  
–ù–∞–π–¥–∏ –∏–Ω—Ç–µ–≥—Ä–∞–ª —Ñ—É–Ω–∫—Ü–∏–∏ $$\int x \cos(x^2) dx$$","**–†–µ—à–µ–Ω–∏–µ –∑–∞–¥–∞—á–∏:**  
–î–ª—è –∏–Ω—Ç–µ–≥—Ä–∞–ª–∞ $$\int x \cos(x^2) \, dx$$ –∏—Å–ø–æ–ª—å–∑—É–µ–º –º–µ—Ç–æ–¥ –ø–æ–¥—Å—Ç–∞–Ω–æ–≤–∫–∏:

1. –ü—É—Å—Ç—å $$u = x^2$$.
2. –¢–æ–≥–¥–∞ $$du = 2x \, dx$$, –æ—Ç—Å—é–¥–∞ $$x \, dx = \frac{1}{2} \, du$$.
3. –ò–Ω—Ç–µ–≥—Ä–∞–ª –ø–µ—Ä–µ–ø–∏—Å—ã–≤–∞–µ–º –∫–∞–∫ $$\int x \cos(x^2) \, dx = \int \cos(u) \cdot \frac{1}{2} \, du = \frac{1}{2} \int \cos(u) \, du$$.
4. –ò–Ω—Ç–µ–≥—Ä–∏—Ä—É–µ–º: $$\frac{1}{2} \int \cos(u) \, du = \frac{1}{2} \sin(u) + C$$.
5. –ü–æ–¥—Å—Ç–∞–≤–∏–º –æ–±—Ä–∞—Ç–Ω–æ $$u = x^2$$: $$\frac{1}{2} \sin(x^2) + C$$.

**–ê–Ω–∞–ª–∏–∑ —Ä–µ—à–µ–Ω–∏—è —É—á–µ–Ω–∏–∫–∞:**  
–£—á–µ–Ω–∏–∫ –≤—ã–ø–æ–ª–Ω–∏–ª —Å–ª–µ–¥—É—é—â–∏–µ —à–∞–≥–∏:
- –í—ã–±—Ä–∞–ª –ø–æ–¥—Å—Ç–∞–Ω–æ–≤–∫—É $$u = x^2$$.
- –í—ã—Ä–∞–∑–∏–ª –¥–∏—Ñ—Ñ–µ—Ä–µ–Ω—Ü–∏–∞–ª: $$2x \, dx = du$$.
- –ü—Ä–∏–≤–µ–ª –∫ –∏–Ω—Ç–µ–≥—Ä–∞–ª—É: $$\frac{1}{2} \int \cos(u) \, du$$.
- –ü—ã—Ç–∞–ª—Å—è –∏–Ω—Ç–µ–≥—Ä–∏—Ä–æ–≤–∞—Ç—å, –Ω–æ —Å–æ–≤–µ—Ä—à–∏–ª –≤—ã—á–∏—Å–ª–∏—Ç–µ–ª—å–Ω—É—é –æ—à–∏–±–∫—É –≤ –æ—Ç–≤–µ—Ç–µ: –Ω–∞–ø–∏—Å–∞–Ω–æ $$\frac{\sin(u)}{z} + C$$, —á—Ç–æ –Ω–µ–∫–æ—Ä—Ä–µ–∫—Ç–Ω–æ.

**–°—Ä–∞–≤–Ω–µ–Ω–∏–µ —Å –º–∞—Ä–∫-—Å—Ö–µ–º–æ–π:**  
1. –í—ã–±–æ—Ä –º–µ—Ç–æ–¥–∞ –ø–æ–¥—Å—Ç–∞–Ω–æ–≤–∫–∏: 1 –±–∞–ª–ª
2. –í—ã–ø–æ–ª–Ω–µ–Ω–∏–µ –ø–æ–¥—Å—Ç–∞–Ω–æ–≤–∫–∏ $$u = x^2$$: 1 –±–∞–ª–ª
3. –í—ã—Ä–∞–∂–µ–Ω–∏–µ –¥–∏—Ñ—Ñ–µ—Ä–µ–Ω—Ü–∏–∞–ª–∞ $$du$$ –≤ —Ç–µ—Ä–º–∏–Ω–∞—Ö $$dx$$: 1 –±–∞–ª–ª
4. –ò–Ω—Ç–µ–≥—Ä–∏—Ä–æ–≤–∞–Ω–∏–µ –ø–æ–ª—É—á–µ–Ω–Ω–æ–≥–æ –≤—ã—Ä–∞–∂–µ–Ω–∏—è –ø–æ $$u$$: 0 –±–∞–ª–ª–æ–≤ (–æ—à–∏–±–∫–∞ –≤ –æ—Ç–≤–µ—Ç–µ)
5. –ü–æ–¥—Å—Ç–∞–Ω–æ–≤–∫–∞ –ø–µ—Ä–µ–º–µ–Ω–Ω–æ–π $$x$$ –∏ —É–ø—Ä–æ—â–µ–Ω–∏–µ: 0 –±–∞–ª–ª–æ–≤ (–æ—Ç—Å—É—Ç—Å—Ç–≤–∏–µ –∏ –æ—à–∏–±–∫–∞)

**–ò—Ç–æ–≥:**  
–†–µ—à–µ–Ω–∏–µ —á–∞—Å—Ç–∏—á–Ω–æ –ø—Ä–∞–≤–∏–ª—å–Ω–æ. –£—á–µ–Ω–∏–∫ –≤—ã–±—Ä–∞–ª –ø—Ä–∞–≤–∏–ª—å–Ω—ã–π –º–µ—Ç–æ–¥ –∏ –ø—Ä–æ–∏–∑–≤–µ–ª –ø–æ–¥—Å—Ç–∞–Ω–æ–≤–∫—É, –Ω–æ –¥–æ–ø—É—Å—Ç–∏–ª –æ—à–∏–±–∫—É –Ω–∞ —ç—Ç–∞–ø–∞—Ö –∏–Ω—Ç–µ–≥—Ä–∞—Ü–∏–∏ –∏ –ø–æ–¥—Å—Ç–∞–Ω–æ–≤–∫–∏ –Ω–∞–∑–∞–¥.

**–¢–∏–ø –æ—à–∏–±–∫–∏:**  
–í—ã—á–∏—Å–ª–∏—Ç–µ–ª—å–Ω–∞—è –æ—à–∏–±–∫–∞

**–û—Ü–µ–Ω–∫–∞: 3 –∏–∑ 5 –±–∞–ª–ª–æ–≤**",**,2025-04-22 23:10:02,–õ—ë–≥–∫–∞—è
aidana,"**–£—Å–ª–æ–≤–∏–µ –∑–∞–¥–∞—á–∏:**  
–ù–∞–π–¥–∏ –∏–Ω—Ç–µ–≥—Ä–∞–ª —Ñ—É–Ω–∫—Ü–∏–∏ $$\int x \cos(x^2) dx$$","**–†–µ—à–µ–Ω–∏–µ –∑–∞–¥–∞—á–∏:**  
–î–ª—è –∏–Ω—Ç–µ–≥—Ä–∞–ª–∞ $$\int x \cos(x^2) \, dx$$ –∏—Å–ø–æ–ª—å–∑—É–µ–º –º–µ—Ç–æ–¥ –ø–æ–¥—Å—Ç–∞–Ω–æ–≤–∫–∏:

1. –ü—É—Å—Ç—å $$u = x^2$$.
2. –¢–æ–≥–¥–∞ $$du = 2x \, dx$$, –æ—Ç—Å—é–¥–∞ $$x \, dx = \frac{1}{2} \, du$$.
3. –ò–Ω—Ç–µ–≥—Ä–∞–ª –ø–µ—Ä–µ–ø–∏—Å—ã–≤–∞–µ–º –∫–∞–∫ $$\int x \cos(x^2) \, dx = \int \cos(u) \cdot \frac{1}{2} \, du = \frac{1}{2} \int \cos(u) \, du$$.
4. –ò–Ω—Ç–µ–≥—Ä–∏—Ä—É–µ–º: $$\frac{1}{2} \int \cos(u) \, du = \frac{1}{2} \sin(u) + C$$.
5. –ü–æ–¥—Å—Ç–∞–≤–∏–º –æ–±—Ä–∞—Ç–Ω–æ $$u = x^2$$: $$\frac{1}{2} \sin(x^2) + C$$.

**–ê–Ω–∞–ª–∏–∑ —Ä–µ—à–µ–Ω–∏—è —É—á–µ–Ω–∏–∫–∞:**  
–£—á–µ–Ω–∏–∫ –≤—ã–ø–æ–ª–Ω–∏–ª —Å–ª–µ–¥—É—é—â–∏–µ —à–∞–≥–∏:
- –í—ã–±—Ä–∞–ª –ø–æ–¥—Å—Ç–∞–Ω–æ–≤–∫—É $$u = x^2$$.
- –í—ã—Ä–∞–∑–∏–ª –¥–∏—Ñ—Ñ–µ—Ä–µ–Ω—Ü–∏–∞–ª: $$2x \, dx = du$$.
- –ü—Ä–∏–≤–µ–ª –∫ –∏–Ω—Ç–µ–≥—Ä–∞–ª—É: $$\frac{1}{2} \int \cos(u) \, du$$.
- –ü—ã—Ç–∞–ª—Å—è –∏–Ω—Ç–µ–≥—Ä–∏—Ä–æ–≤–∞—Ç—å, –Ω–æ —Å–æ–≤–µ—Ä—à–∏–ª –≤—ã—á–∏—Å–ª–∏—Ç–µ–ª—å–Ω—É—é –æ—à–∏–±–∫—É –≤ –æ—Ç–≤–µ—Ç–µ: –Ω–∞–ø–∏—Å–∞–Ω–æ $$\frac{\sin(u)}{z} + C$$, —á—Ç–æ –Ω–µ–∫–æ—Ä—Ä–µ–∫—Ç–Ω–æ.

**–°—Ä–∞–≤–Ω–µ–Ω–∏–µ —Å –º–∞—Ä–∫-—Å—Ö–µ–º–æ–π:**  
1. –í—ã–±–æ—Ä –º–µ—Ç–æ–¥–∞ –ø–æ–¥—Å—Ç–∞–Ω–æ–≤–∫–∏: 1 –±–∞–ª–ª
2. –í—ã–ø–æ–ª–Ω–µ–Ω–∏–µ –ø–æ–¥—Å—Ç–∞–Ω–æ–≤–∫–∏ $$u = x^2$$: 1 –±–∞–ª–ª
3. –í—ã—Ä–∞–∂–µ–Ω–∏–µ –¥–∏—Ñ—Ñ–µ—Ä–µ–Ω—Ü–∏–∞–ª–∞ $$du$$ –≤ —Ç–µ—Ä–º–∏–Ω–∞—Ö $$dx$$: 1 –±–∞–ª–ª
4. –ò–Ω—Ç–µ–≥—Ä–∏—Ä–æ–≤–∞–Ω–∏–µ –ø–æ–ª—É—á–µ–Ω–Ω–æ–≥–æ –≤—ã—Ä–∞–∂–µ–Ω–∏—è –ø–æ $$u$$: 0 –±–∞–ª–ª–æ–≤ (–æ—à–∏–±–∫–∞ –≤ –æ—Ç–≤–µ—Ç–µ)
5. –ü–æ–¥—Å—Ç–∞–Ω–æ–≤–∫–∞ –ø–µ—Ä–µ–º–µ–Ω–Ω–æ–π $$x$$ –∏ —É–ø—Ä–æ—â–µ–Ω–∏–µ: 0 –±–∞–ª–ª–æ–≤ (–æ—Ç—Å—É—Ç—Å—Ç–≤–∏–µ –∏ –æ—à–∏–±–∫–∞)

**–ò—Ç–æ–≥:**  
–†–µ—à–µ–Ω–∏–µ —á–∞—Å—Ç–∏—á–Ω–æ –ø—Ä–∞–≤–∏–ª—å–Ω–æ. –£—á–µ–Ω–∏–∫ –≤—ã–±—Ä–∞–ª –ø—Ä–∞–≤–∏–ª—å–Ω—ã–π –º–µ—Ç–æ–¥ –∏ –ø—Ä–æ–∏–∑–≤–µ–ª –ø–æ–¥—Å—Ç–∞–Ω–æ–≤–∫—É, –Ω–æ –¥–æ–ø—É—Å—Ç–∏–ª –æ—à–∏–±–∫—É –Ω–∞ —ç—Ç–∞–ø–∞—Ö –∏–Ω—Ç–µ–≥—Ä–∞—Ü–∏–∏ –∏ –ø–æ–¥—Å—Ç–∞–Ω–æ–≤–∫–∏ –Ω–∞–∑–∞–¥.

**–¢–∏–ø –æ—à–∏–±–∫–∏:**  
–í—ã—á–∏—Å–ª–∏—Ç–µ–ª—å–Ω–∞—è –æ—à–∏–±–∫–∞

**–û—Ü–µ–Ω–∫–∞: 3 –∏–∑ 5 –±–∞–ª–ª–æ–≤**",2025-04-22 23:10:02,,,
aidana,–ò–Ω—Ç–µ–≥—Ä–∞–ª—ã,"**–£—Å–ª–æ–≤–∏–µ –∑–∞–¥–∞—á–∏:**  
–ù–∞–π–¥–∏ –∏–Ω—Ç–µ–≥—Ä–∞–ª —Ñ—É–Ω–∫—Ü–∏–∏ $$\int x \cos(x^2) dx$$","**–†–µ—à–µ–Ω–∏–µ –∑–∞–¥–∞—á–∏:**  
–î–∞–Ω–æ –∏–Ω—Ç–µ–≥—Ä–∞–ª: $$\int x \cos(x^2) \, dx$$  

1. –í—ã–±–∏—Ä–∞–µ–º –º–µ—Ç–æ–¥ –∏–Ω—Ç–µ–≥—Ä–∏—Ä–æ–≤–∞–Ω–∏—è –ø–æ –ø–æ–¥—Å—Ç–∞–Ω–æ–≤–∫–µ.
2. –ü–æ–¥—Å—Ç–∞–Ω–æ–≤–∫–∞: $$u = x^2$$  
3. –í—ã—Ä–∞–∂–∞–µ–º –¥–∏—Ñ—Ñ–µ—Ä–µ–Ω—Ü–∏–∞–ª: $$du = 2x \, dx$$, –æ—Ç—Å—é–¥–∞ $$x \, dx = \frac{1}{2} du$$.
4. –ò–Ω—Ç–µ–≥—Ä–∏—Ä—É–µ–º:  
   $$\int x \cos(x^2) \, dx = \int \cos(u) \cdot \frac{1}{2} \, du = \frac{1}{2} \int \cos(u) \, du$$  
   $$= \frac{1}{2} \sin(u) + C$$
5. –í–æ–∑–≤—Ä–∞—â–∞–µ–º—Å—è –∫ –ø–µ—Ä–µ–º–µ–Ω–Ω–æ–π $$x$$:  
   $$= \frac{1}{2} \sin(x^2) + C$$.

**–ê–Ω–∞–ª–∏–∑ —Ä–µ—à–µ–Ω–∏—è —É—á–µ–Ω–∏–∫–∞:**  
–£—á–µ–Ω–∏–∫ —Å–¥–µ–ª–∞–ª —Å–ª–µ–¥—É—é—â–µ–µ:
- –í—ã–ø–æ–ª–Ω–∏–ª –ø–æ–¥—Å—Ç–∞–Ω–æ–≤–∫—É: $$x^2 = u$$.
- –û–ø—Ä–µ–¥–µ–ª–∏–ª –¥–∏—Ñ—Ñ–µ—Ä–µ–Ω—Ü–∏–∞–ª: $$2x \, dx = du$$.
- –ü—Ä–∏–º–µ–Ω–∏–ª –ø–æ–¥—Å—Ç–∞–Ω–æ–≤–∫—É –≤ –∏–Ω—Ç–µ–≥—Ä–∞–ª–µ –∏ –Ω–∞—à–µ–ª –∏–Ω—Ç–µ–≥—Ä–∞–ª –æ—Ç $$\cos(u)$$.
- –ó–∞–ø–∏—Å–∞–ª –æ—Ç–≤–µ—Ç: $$\frac{\sin(u)}{2} + C$$.

**–°—Ä–∞–≤–Ω–µ–Ω–∏–µ —Å –º–∞—Ä–∫-—Å—Ö–µ–º–æ–π:**  
1. –í—ã–±—Ä–∞–ª –º–µ—Ç–æ–¥ –∏–Ω—Ç–µ–≥—Ä–∏—Ä–æ–≤–∞–Ω–∏—è –ø–æ –ø–æ–¥—Å—Ç–∞–Ω–æ–≤–∫–µ ‚Äî 1 –±–∞–ª–ª  
2. –í—ã–ø–æ–ª–Ω–∏–ª –ø–æ–¥—Å—Ç–∞–Ω–æ–≤–∫—É $$u = x^2$$ ‚Äî 1 –±–∞–ª–ª  
3. –í—ã—Ä–∞–∑–∏–ª –¥–∏—Ñ—Ñ–µ—Ä–µ–Ω—Ü–∏–∞–ª $$du$$ –≤ —Ç–µ—Ä–º–∏–Ω–∞—Ö $$dx$$ ‚Äî 1 –±–∞–ª–ª  
4. –ò–Ω—Ç–µ–≥—Ä–∏—Ä–æ–≤–∞–ª –≤—ã—Ä–∞–∂–µ–Ω–∏–µ –ø–æ $$u$$ ‚Äî 1 –±–∞–ª–ª  
5. –ù–µ –ø–æ–¥—Å—Ç–∞–≤–∏–ª –æ–±—Ä–∞—Ç–Ω–æ –ø–µ—Ä–µ–º–µ–Ω–Ω—É—é $$x$$ ‚Äî 0 –±–∞–ª–ª–æ–≤  

**–ò—Ç–æ–≥:**  
–†–µ—à–µ–Ω–∏–µ —á–∞—Å—Ç–∏—á–Ω–æ –ø—Ä–∞–≤–∏–ª—å–Ω–æ–µ. –£—á–µ–Ω–∏–∫ –Ω–µ –ø–æ–¥—Å—Ç–∞–≤–∏–ª –ø–µ—Ä–µ–º–µ–Ω–Ω—É—é $$x$$ –æ–±—Ä–∞—Ç–Ω–æ –≤ –∏—Ç–æ–≥–æ–≤–æ–µ –≤—ã—Ä–∞–∂–µ–Ω–∏–µ.

**–¢–∏–ø –æ—à–∏–±–∫–∏:**  
–û–¥–∏–Ω –∏–∑ –≤–∞—Ä–∏–∞–Ω—Ç–æ–≤: –ª–æ–≥–∏—á–µ—Å–∫–∞—è (–Ω–µ–≤–µ—Ä–Ω–æ–µ –æ–±—Ä–∞—Ç–Ω–æ –ø–æ–¥—Å—Ç–∞–≤–ª–µ–Ω–∏–µ –ø–µ—Ä–µ–º–µ–Ω–Ω–æ–π)

**–û—Ü–µ–Ω–∫–∞: 4 –∏–∑ 5 –±–∞–ª–ª–æ–≤**",**,2025-04-22 23:10:47,–õ—ë–≥–∫–∞—è
aidana,"**–£—Å–ª–æ–≤–∏–µ –∑–∞–¥–∞—á–∏:**  
–ù–∞–π–¥–∏ –∏–Ω—Ç–µ–≥—Ä–∞–ª —Ñ—É–Ω–∫—Ü–∏–∏ $$\int x \cos(x^2) dx$$","**–†–µ—à–µ–Ω–∏–µ –∑–∞–¥–∞—á–∏:**  
–î–∞–Ω–æ –∏–Ω—Ç–µ–≥—Ä–∞–ª: $$\int x \cos(x^2) \, dx$$  

1. –í—ã–±–∏—Ä–∞–µ–º –º–µ—Ç–æ–¥ –∏–Ω—Ç–µ–≥—Ä–∏—Ä–æ–≤–∞–Ω–∏—è –ø–æ –ø–æ–¥—Å—Ç–∞–Ω–æ–≤–∫–µ.
2. –ü–æ–¥—Å—Ç–∞–Ω–æ–≤–∫–∞: $$u = x^2$$  
3. –í—ã—Ä–∞–∂–∞–µ–º –¥–∏—Ñ—Ñ–µ—Ä–µ–Ω—Ü–∏–∞–ª: $$du = 2x \, dx$$, –æ—Ç—Å—é–¥–∞ $$x \, dx = \frac{1}{2} du$$.
4. –ò–Ω—Ç–µ–≥—Ä–∏—Ä—É–µ–º:  
   $$\int x \cos(x^2) \, dx = \int \cos(u) \cdot \frac{1}{2} \, du = \frac{1}{2} \int \cos(u) \, du$$  
   $$= \frac{1}{2} \sin(u) + C$$
5. –í–æ–∑–≤—Ä–∞—â–∞–µ–º—Å—è –∫ –ø–µ—Ä–µ–º–µ–Ω–Ω–æ–π $$x$$:  
   $$= \frac{1}{2} \sin(x^2) + C$$.

**–ê–Ω–∞–ª–∏–∑ —Ä–µ—à–µ–Ω–∏—è —É—á–µ–Ω–∏–∫–∞:**  
–£—á–µ–Ω–∏–∫ —Å–¥–µ–ª–∞–ª —Å–ª–µ–¥—É—é—â–µ–µ:
- –í—ã–ø–æ–ª–Ω–∏–ª –ø–æ–¥—Å—Ç–∞–Ω–æ–≤–∫—É: $$x^2 = u$$.
- –û–ø—Ä–µ–¥–µ–ª–∏–ª –¥–∏—Ñ—Ñ–µ—Ä–µ–Ω—Ü–∏–∞–ª: $$2x \, dx = du$$.
- –ü—Ä–∏–º–µ–Ω–∏–ª –ø–æ–¥—Å—Ç–∞–Ω–æ–≤–∫—É –≤ –∏–Ω—Ç–µ–≥—Ä–∞–ª–µ –∏ –Ω–∞—à–µ–ª –∏–Ω—Ç–µ–≥—Ä–∞–ª –æ—Ç $$\cos(u)$$.
- –ó–∞–ø–∏—Å–∞–ª –æ—Ç–≤–µ—Ç: $$\frac{\sin(u)}{2} + C$$.

**–°—Ä–∞–≤–Ω–µ–Ω–∏–µ —Å –º–∞—Ä–∫-—Å—Ö–µ–º–æ–π:**  
1. –í—ã–±—Ä–∞–ª –º–µ—Ç–æ–¥ –∏–Ω—Ç–µ–≥—Ä–∏—Ä–æ–≤–∞–Ω–∏—è –ø–æ –ø–æ–¥—Å—Ç–∞–Ω–æ–≤–∫–µ ‚Äî 1 –±–∞–ª–ª  
2. –í—ã–ø–æ–ª–Ω–∏–ª –ø–æ–¥—Å—Ç–∞–Ω–æ–≤–∫—É $$u = x^2$$ ‚Äî 1 –±–∞–ª–ª  
3. –í—ã—Ä–∞–∑–∏–ª –¥–∏—Ñ—Ñ–µ—Ä–µ–Ω—Ü–∏–∞–ª $$du$$ –≤ —Ç–µ—Ä–º–∏–Ω–∞—Ö $$dx$$ ‚Äî 1 –±–∞–ª–ª  
4. –ò–Ω—Ç–µ–≥—Ä–∏—Ä–æ–≤–∞–ª –≤—ã—Ä–∞–∂–µ–Ω–∏–µ –ø–æ $$u$$ ‚Äî 1 –±–∞–ª–ª  
5. –ù–µ –ø–æ–¥—Å—Ç–∞–≤–∏–ª –æ–±—Ä–∞—Ç–Ω–æ –ø–µ—Ä–µ–º–µ–Ω–Ω—É—é $$x$$ ‚Äî 0 –±–∞–ª–ª–æ–≤  

**–ò—Ç–æ–≥:**  
–†–µ—à–µ–Ω–∏–µ —á–∞—Å—Ç–∏—á–Ω–æ –ø—Ä–∞–≤–∏–ª—å–Ω–æ–µ. –£—á–µ–Ω–∏–∫ –Ω–µ –ø–æ–¥—Å—Ç–∞–≤–∏–ª –ø–µ—Ä–µ–º–µ–Ω–Ω—É—é $$x$$ –æ–±—Ä–∞—Ç–Ω–æ –≤ –∏—Ç–æ–≥–æ–≤–æ–µ –≤—ã—Ä–∞–∂–µ–Ω–∏–µ.

**–¢–∏–ø –æ—à–∏–±–∫–∏:**  
–û–¥–∏–Ω –∏–∑ –≤–∞—Ä–∏–∞–Ω—Ç–æ–≤: –ª–æ–≥–∏—á–µ—Å–∫–∞—è (–Ω–µ–≤–µ—Ä–Ω–æ–µ –æ–±—Ä–∞—Ç–Ω–æ –ø–æ–¥—Å—Ç–∞–≤–ª–µ–Ω–∏–µ –ø–µ—Ä–µ–º–µ–Ω–Ω–æ–π)

**–û—Ü–µ–Ω–∫–∞: 4 –∏–∑ 5 –±–∞–ª–ª–æ–≤**",2025-04-22 23:10:47,,,
aidana,–ü—Ä—è–º–æ—É–≥–æ–ª—å–Ω–∞—è —Å–∏—Å—Ç–µ–º–∞ –∫–æ–æ—Ä–¥–∏–Ω–∞—Ç –Ω–∞ –ø–ª–æ—Å–∫–æ—Å—Ç–∏,"**–£—Å–ª–æ–≤–∏–µ –∑–∞–¥–∞—á–∏:**  
–ù–∞–π–¥–∏ –∫–æ–æ—Ä–¥–∏–Ω–∞—Ç—ã —Å–µ—Ä–µ–¥–∏–Ω—ã –æ—Ç—Ä–µ–∑–∫–∞, —Å–æ–µ–¥–∏–Ω—è—é—â–µ–≥–æ —Ç–æ—á–∫–∏ —Å –∫–æ–æ—Ä–¥–∏–Ω–∞—Ç–∞–º–∏ $$A(2, 3)$$ –∏ $$B(8, 7)$$.","**–†–µ—à–µ–Ω–∏–µ –∑–∞–¥–∞—á–∏:**  
–§–æ—Ä–º—É–ª–∞ –¥–ª—è –Ω–∞—Ö–æ–∂–¥–µ–Ω–∏—è —Å–µ—Ä–µ–¥–∏–Ω—ã –æ—Ç—Ä–µ–∑–∫–∞:  
$$M = \left( \frac{x_1 + x_2}{2}, \frac{y_1 + y_2}{2} \right)$$  

–ü–æ–¥—Å—Ç–∞–≤–∏–º –∑–Ω–∞—á–µ–Ω–∏—è:  
$$x_1 = 2, \, y_1 = 3, \, x_2 = 8, \, y_2 = 7$$  

–ö–æ–æ—Ä–¥–∏–Ω–∞—Ç—ã —Å–µ—Ä–µ–¥–∏–Ω—ã:  
$$M = \left( \frac{2 + 8}{2}, \frac{3 + 7}{2} \right) = \left( 5, 5 \right)$$  

**–ê–Ω–∞–ª–∏–∑ —Ä–µ—à–µ–Ω–∏—è —É—á–µ–Ω–∏–∫–∞:**  
1. –ü—Ä–∏–º–µ–Ω–µ–Ω–∞ –ø—Ä–∞–≤–∏–ª—å–Ω–∞—è —Ñ–æ—Ä–º—É–ª–∞ –¥–ª—è –Ω–∞—Ö–æ–∂–¥–µ–Ω–∏—è –∫–æ–æ—Ä–¥–∏–Ω–∞—Ç —Å–µ—Ä–µ–¥–∏–Ω—ã.  
2. –ü—Ä–∞–≤–∏–ª—å–Ω–æ –ø–æ–¥—Å—Ç–∞–≤–ª–µ–Ω—ã –∑–Ω–∞—á–µ–Ω–∏—è $$x_1, y_1, x_2, y_2$$.
3. –¢–æ—á–Ω–æ –≤—ã—á–∏—Å–ª–µ–Ω—ã –∫–æ–æ—Ä–¥–∏–Ω–∞—Ç—ã, —É–∫–∞–∑–∞–Ω—ã –∫–∞–∫ $$C(5, 5)$$.  

**–°—Ä–∞–≤–Ω–µ–Ω–∏–µ —Å –º–∞—Ä–∫-—Å—Ö–µ–º–æ–π:**  
1. –ò—Å–ø–æ–ª—å–∑–æ–≤–∞–Ω–∏–µ —Ñ–æ—Ä–º—É–ª—ã: –≤—ã–ø–æ–ª–Ω–µ–Ω–æ –ø—Ä–∞–≤–∏–ª—å–Ω–æ ‚Äî 1 –±–∞–ª–ª.  
2. –ü–æ–¥—Å—Ç–∞–Ω–æ–≤–∫–∞ –∑–Ω–∞—á–µ–Ω–∏–π: –≤—ã–ø–æ–ª–Ω–µ–Ω–æ –ø—Ä–∞–≤–∏–ª—å–Ω–æ ‚Äî 1 –±–∞–ª–ª.  
3. –í—ã—á–∏—Å–ª–µ–Ω–∏–µ –∏ –∏—Ç–æ–≥–æ–≤—ã–π –æ—Ç–≤–µ—Ç: –ø—Ä–∞–≤–∏–ª—å–Ω–æ ‚Äî 1 –±–∞–ª–ª.  

**–ò—Ç–æ–≥:**  
–†–µ—à–µ–Ω–∏–µ –ø–æ–ª–Ω–æ—Å—Ç—å—é –≤–µ—Ä–Ω–æ–µ, —É—á–µ–Ω–∏–∫ —Ç–æ—á–Ω–æ —Å–ª–µ–¥–æ–≤–∞–ª –≤—Å–µ–º —à–∞–≥–∞–º.

**–¢–∏–ø –æ—à–∏–±–∫–∏:**  
–ü—Ä–∞–≤–∏–ª—å–Ω–æ

**–û—Ü–µ–Ω–∫–∞: 3 –∏–∑ 3 –±–∞–ª–ª–æ–≤**",**,2025-04-22 23:19:10,–õ—ë–≥–∫–∞—è
aidana,"**–£—Å–ª–æ–≤–∏–µ –∑–∞–¥–∞—á–∏:**  
–ù–∞–π–¥–∏ –∫–æ–æ—Ä–¥–∏–Ω–∞—Ç—ã —Å–µ—Ä–µ–¥–∏–Ω—ã –æ—Ç—Ä–µ–∑–∫–∞, —Å–æ–µ–¥–∏–Ω—è—é—â–µ–≥–æ —Ç–æ—á–∫–∏ —Å –∫–æ–æ—Ä–¥–∏–Ω–∞—Ç–∞–º–∏ $$A(2, 3)$$ –∏ $$B(8, 7)$$.","**–†–µ—à–µ–Ω–∏–µ –∑–∞–¥–∞—á–∏:**  
–§–æ—Ä–º—É–ª–∞ –¥–ª—è –Ω–∞—Ö–æ–∂–¥–µ–Ω–∏—è —Å–µ—Ä–µ–¥–∏–Ω—ã –æ—Ç—Ä–µ–∑–∫–∞:  
$$M = \left( \frac{x_1 + x_2}{2}, \frac{y_1 + y_2}{2} \right)$$  

–ü–æ–¥—Å—Ç–∞–≤–∏–º –∑–Ω–∞—á–µ–Ω–∏—è:  
$$x_1 = 2, \, y_1 = 3, \, x_2 = 8, \, y_2 = 7$$  

–ö–æ–æ—Ä–¥–∏–Ω–∞—Ç—ã —Å–µ—Ä–µ–¥–∏–Ω—ã:  
$$M = \left( \frac{2 + 8}{2}, \frac{3 + 7}{2} \right) = \left( 5, 5 \right)$$  

**–ê–Ω–∞–ª–∏–∑ —Ä–µ—à–µ–Ω–∏—è —É—á–µ–Ω–∏–∫–∞:**  
1. –ü—Ä–∏–º–µ–Ω–µ–Ω–∞ –ø—Ä–∞–≤–∏–ª—å–Ω–∞—è —Ñ–æ—Ä–º—É–ª–∞ –¥–ª—è –Ω–∞—Ö–æ–∂–¥–µ–Ω–∏—è –∫–æ–æ—Ä–¥–∏–Ω–∞—Ç —Å–µ—Ä–µ–¥–∏–Ω—ã.  
2. –ü—Ä–∞–≤–∏–ª—å–Ω–æ –ø–æ–¥—Å—Ç–∞–≤–ª–µ–Ω—ã –∑–Ω–∞—á–µ–Ω–∏—è $$x_1, y_1, x_2, y_2$$.
3. –¢–æ—á–Ω–æ –≤—ã—á–∏—Å–ª–µ–Ω—ã –∫–æ–æ—Ä–¥–∏–Ω–∞—Ç—ã, —É–∫–∞–∑–∞–Ω—ã –∫–∞–∫ $$C(5, 5)$$.  

**–°—Ä–∞–≤–Ω–µ–Ω–∏–µ —Å –º–∞—Ä–∫-—Å—Ö–µ–º–æ–π:**  
1. –ò—Å–ø–æ–ª—å–∑–æ–≤–∞–Ω–∏–µ —Ñ–æ—Ä–º—É–ª—ã: –≤—ã–ø–æ–ª–Ω–µ–Ω–æ –ø—Ä–∞–≤–∏–ª—å–Ω–æ ‚Äî 1 –±–∞–ª–ª.  
2. –ü–æ–¥—Å—Ç–∞–Ω–æ–≤–∫–∞ –∑–Ω–∞—á–µ–Ω–∏–π: –≤—ã–ø–æ–ª–Ω–µ–Ω–æ –ø—Ä–∞–≤–∏–ª—å–Ω–æ ‚Äî 1 –±–∞–ª–ª.  
3. –í—ã—á–∏—Å–ª–µ–Ω–∏–µ –∏ –∏—Ç–æ–≥–æ–≤—ã–π –æ—Ç–≤–µ—Ç: –ø—Ä–∞–≤–∏–ª—å–Ω–æ ‚Äî 1 –±–∞–ª–ª.  

**–ò—Ç–æ–≥:**  
–†–µ—à–µ–Ω–∏–µ –ø–æ–ª–Ω–æ—Å—Ç—å—é –≤–µ—Ä–Ω–æ–µ, —É—á–µ–Ω–∏–∫ —Ç–æ—á–Ω–æ —Å–ª–µ–¥–æ–≤–∞–ª –≤—Å–µ–º —à–∞–≥–∞–º.

**–¢–∏–ø –æ—à–∏–±–∫–∏:**  
–ü—Ä–∞–≤–∏–ª—å–Ω–æ

**–û—Ü–µ–Ω–∫–∞: 3 –∏–∑ 3 –±–∞–ª–ª–æ–≤**",2025-04-22 23:19:10,,,
aidana,–ü—Ä—è–º–æ—É–≥–æ–ª—å–Ω–∞—è —Å–∏—Å—Ç–µ–º–∞ –∫–æ–æ—Ä–¥–∏–Ω–∞—Ç –Ω–∞ –ø–ª–æ—Å–∫–æ—Å—Ç–∏,"**–£—Å–ª–æ–≤–∏–µ –∑–∞–¥–∞—á–∏:**  
–í –ø—Ä—è–º–æ—É–≥–æ–ª—å–Ω–æ–π —Å–∏—Å—Ç–µ–º–µ –∫–æ–æ—Ä–¥–∏–Ω–∞—Ç –∑–∞–¥–∞–Ω—ã —Ç—Ä–∏ —Ç–æ—á–∫–∏ $$A(x_1, y_1)$$, $$B(x_2, y_2)$$ –∏ $$C(x_3, y_3)$$. –ù–∞–π–¥–∏—Ç–µ –∫–æ–æ—Ä–¥–∏–Ω–∞—Ç—ã —Ç–æ—á–∫–∏ $$M$$, –∫–æ—Ç–æ—Ä–∞—è —è–≤–ª—è–µ—Ç—Å—è —Å–µ—Ä–µ–¥–∏–Ω–æ–π –æ—Ç—Ä–µ–∑–∫–∞ $$AB$$ –∏ –æ–¥–Ω–æ–≤—Ä–µ–º–µ–Ω–Ω–æ —Å–µ—Ä–µ–¥–∏–Ω–æ–π –æ—Ç—Ä–µ–∑–∫–∞ $$BC$$. –£–∫–∞–∂–∏—Ç–µ –≤—Å–µ –≤–æ–∑–º–æ–∂–Ω—ã–µ –≤–∞—Ä–∏–∞–Ω—Ç—ã –∫–æ–æ—Ä–¥–∏–Ω–∞—Ç —Ç–æ—á–∫–∏ $$M$$, –µ—Å–ª–∏ –∏–∑–≤–µ—Å—Ç–Ω–æ, —á—Ç–æ —Ç–æ—á–∫–∏ $$A$$ –∏ $$C$$ –Ω–∞—Ö–æ–¥—è—Ç—Å—è –Ω–∞ –æ–¥–Ω–æ–π –ø—Ä—è–º–æ–π, –ø–∞—Ä–∞–ª–ª–µ–ª—å–Ω–æ–π –æ—Å–∏ –æ—Ä–¥–∏–Ω–∞—Ç.","**–†–µ—à–µ–Ω–∏–µ –∑–∞–¥–∞—á–∏:**  
–£—á–∏—Ç—ã–≤–∞—è, —á—Ç–æ $$M$$ ‚Äî —Å–µ—Ä–µ–¥–∏–Ω–∞ –æ—Ç—Ä–µ–∑–∫–æ–≤ $$AB$$ –∏ $$BC$$, –∫–æ–æ—Ä–¥–∏–Ω–∞—Ç—ã $$M (x_m, y_m)$$ –¥–æ–ª–∂–Ω—ã —É–¥–æ–≤–ª–µ—Ç–≤–æ—Ä—è—Ç—å:

1. $$x_m = \frac{x_1 + x_2}{2}$$ –∏ $$x_m = \frac{x_2 + x_3}{2}$$
2. $$y_m = \frac{y_1 + y_2}{2}$$ –∏ $$y_m = \frac{y_2 + y_3}{2}$$

–ò–∑ —É—Å–ª–æ–≤–∏—è, —á—Ç–æ $$A$$ –∏ $$C$$ –ª–µ–∂–∞—Ç –Ω–∞ –ø—Ä—è–º–æ–π, –ø–∞—Ä–∞–ª–ª–µ–ª—å–Ω–æ–π –æ—Å–∏ –æ—Ä–¥–∏–Ω–∞—Ç, —Å–ª–µ–¥—É–µ—Ç, —á—Ç–æ $$x_1 = x_3$$.

–ü–æ–¥—Å—Ç–∞–≤–∏–º —ç—Ç–æ –≤ —É—Ä–∞–≤–Ω–µ–Ω–∏—è:

- $$\frac{x_1 + x_2}{2} = \frac{x_2 + x_3}{2}$$  
  –¢–∞–∫ –∫–∞–∫ $$x_1 = x_3$$, —É—Ä–∞–≤–Ω–µ–Ω–∏–µ –¥–æ—Å—Ç–æ–≤–µ—Ä–Ω–æ –ø—Ä–∏ –ª—é–±–æ–º $$x_2$$.

- $$\frac{y_1 + y_2}{2} = \frac{y_2 + y_3}{2}$$  
  –û—Ç—Å—é–¥–∞ —Å–ª–µ–¥—É–µ—Ç: $$y_1 = y_3$$ (–ø–æ—Å–∫–æ–ª—å–∫—É $$y_2$$ –æ–¥–∏–Ω–∞–∫–æ–≤–æ –≤–ª–∏—è–µ—Ç –Ω–∞ –æ–±–µ —Å—Ç–æ—Ä–æ–Ω—ã —É—Ä–∞–≤–Ω–µ–Ω–∏—è).

–¢–∞–∫–∏–º –æ–±—Ä–∞–∑–æ–º, –∫–æ–æ—Ä–¥–∏–Ω–∞—Ç—ã —Ç–æ—á–∫–∏ $$M$$: $$M \left( \frac{x_1 + x_2}{2}, \frac{y_1 + y_2}{2} \right)$$.

**–ê–Ω–∞–ª–∏–∑ —Ä–µ—à–µ–Ω–∏—è —É—á–µ–Ω–∏–∫–∞:**  
–£—á–µ–Ω–∏–∫ –Ω–∞—á–∞–ª —Å –≤—ã–≤–æ–¥–æ–≤:
- $$\frac{x_1 + x_2}{2} = \frac{x_2 + x_3}{2}$$
- $$\frac{y_1 + y_2}{2} = \frac{y_2 + y_3}{2}$$

–ó–∞—Ç–µ–º —É–∫–∞–∑–∞–ª, —á—Ç–æ $$x_1 = x_3$$ –∏ $$y_1 = y_3$$.

**–°—Ä–∞–≤–Ω–µ–Ω–∏–µ —Å –º–∞—Ä–∫-—Å—Ö–µ–º–æ–π:**  
1. –ü—Ä–∞–≤–∏–ª—å–Ω–æ –∏—Å–ø–æ–ª—å–∑–æ–≤–∞–Ω–∞ —Ñ–æ—Ä–º—É–ª–∞ –¥–ª—è –Ω–∞—Ö–æ–∂–¥–µ–Ω–∏—è —Å–µ—Ä–µ–¥–∏–Ω—ã –æ—Ç—Ä–µ–∑–∫–∞. (1 –±–∞–ª–ª)
2. –ü—Ä–∞–≤–∏–ª—å–Ω–æ —É—á—Ç–µ–Ω–æ –ø–∞—Ä–∞–ª–ª–µ–ª—å–Ω–æ—Å—Ç—å –æ—Å–∏ –æ—Ä–¥–∏–Ω–∞—Ç –∏ —Å–¥–µ–ª–∞–Ω—ã –≤—ã–≤–æ–¥—ã –æ —Ä–∞–≤–µ–Ω—Å—Ç–≤–µ –∫–æ–æ—Ä–¥–∏–Ω–∞—Ç. (1 –±–∞–ª–ª)
3. –ù–∞–π–¥–µ–Ω–æ –æ–∫–æ–Ω—á–∞—Ç–µ–ª—å–Ω–æ–µ –≤—ã—Ä–∞–∂–µ–Ω–∏–µ –¥–ª—è –∫–æ–æ—Ä–¥–∏–Ω–∞—Ç $$M$$. (1 –±–∞–ª–ª)

**–ò—Ç–æ–≥:**  
–†–µ—à–µ–Ω–∏–µ –ø—Ä–∞–≤–∏–ª—å–Ω–æ. –£—á–µ–Ω–∏–∫ –ª–æ–≥–∏—á–µ—Å–∫–∏ –∏ –ø–æ—Å–ª–µ–¥–æ–≤–∞—Ç–µ–ª—å–Ω–æ –ø–æ–¥–æ—à–µ–ª –∫ –∑–∞–¥–∞—á–µ.

**–¢–∏–ø –æ—à–∏–±–∫–∏:**  
–ü—Ä–∞–≤–∏–ª—å–Ω–æ.

**–û—Ü–µ–Ω–∫–∞: 3 –∏–∑ 3 –±–∞–ª–ª–æ–≤**",**,2025-04-22 23:22:25,–°–ª–æ–∂–Ω–∞—è
aidana,"**–£—Å–ª–æ–≤–∏–µ –∑–∞–¥–∞—á–∏:**  
–í –ø—Ä—è–º–æ—É–≥–æ–ª—å–Ω–æ–π —Å–∏—Å—Ç–µ–º–µ –∫–æ–æ—Ä–¥–∏–Ω–∞—Ç –∑–∞–¥–∞–Ω—ã —Ç—Ä–∏ —Ç–æ—á–∫–∏ $$A(x_1, y_1)$$, $$B(x_2, y_2)$$ –∏ $$C(x_3, y_3)$$. –ù–∞–π–¥–∏—Ç–µ –∫–æ–æ—Ä–¥–∏–Ω–∞—Ç—ã —Ç–æ—á–∫–∏ $$M$$, –∫–æ—Ç–æ—Ä–∞—è —è–≤–ª—è–µ—Ç—Å—è —Å–µ—Ä–µ–¥–∏–Ω–æ–π –æ—Ç—Ä–µ–∑–∫–∞ $$AB$$ –∏ –æ–¥–Ω–æ–≤—Ä–µ–º–µ–Ω–Ω–æ —Å–µ—Ä–µ–¥–∏–Ω–æ–π –æ—Ç—Ä–µ–∑–∫–∞ $$BC$$. –£–∫–∞–∂–∏—Ç–µ –≤—Å–µ –≤–æ–∑–º–æ–∂–Ω—ã–µ –≤–∞—Ä–∏–∞–Ω—Ç—ã –∫–æ–æ—Ä–¥–∏–Ω–∞—Ç —Ç–æ—á–∫–∏ $$M$$, –µ—Å–ª–∏ –∏–∑–≤–µ—Å—Ç–Ω–æ, —á—Ç–æ —Ç–æ—á–∫–∏ $$A$$ –∏ $$C$$ –Ω–∞—Ö–æ–¥—è—Ç—Å—è –Ω–∞ –æ–¥–Ω–æ–π –ø—Ä—è–º–æ–π, –ø–∞—Ä–∞–ª–ª–µ–ª—å–Ω–æ–π –æ—Å–∏ –æ—Ä–¥–∏–Ω–∞—Ç.","**–†–µ—à–µ–Ω–∏–µ –∑–∞–¥–∞—á–∏:**  
–£—á–∏—Ç—ã–≤–∞—è, —á—Ç–æ $$M$$ ‚Äî —Å–µ—Ä–µ–¥–∏–Ω–∞ –æ—Ç—Ä–µ–∑–∫–æ–≤ $$AB$$ –∏ $$BC$$, –∫–æ–æ—Ä–¥–∏–Ω–∞—Ç—ã $$M (x_m, y_m)$$ –¥–æ–ª–∂–Ω—ã —É–¥–æ–≤–ª–µ—Ç–≤–æ—Ä—è—Ç—å:

1. $$x_m = \frac{x_1 + x_2}{2}$$ –∏ $$x_m = \frac{x_2 + x_3}{2}$$
2. $$y_m = \frac{y_1 + y_2}{2}$$ –∏ $$y_m = \frac{y_2 + y_3}{2}$$

–ò–∑ —É—Å–ª–æ–≤–∏—è, —á—Ç–æ $$A$$ –∏ $$C$$ –ª–µ–∂–∞—Ç –Ω–∞ –ø—Ä—è–º–æ–π, –ø–∞—Ä–∞–ª–ª–µ–ª—å–Ω–æ–π –æ—Å–∏ –æ—Ä–¥–∏–Ω–∞—Ç, —Å–ª–µ–¥—É–µ—Ç, —á—Ç–æ $$x_1 = x_3$$.

–ü–æ–¥—Å—Ç–∞–≤–∏–º —ç—Ç–æ –≤ —É—Ä–∞–≤–Ω–µ–Ω–∏—è:

- $$\frac{x_1 + x_2}{2} = \frac{x_2 + x_3}{2}$$  
  –¢–∞–∫ –∫–∞–∫ $$x_1 = x_3$$, —É—Ä–∞–≤–Ω–µ–Ω–∏–µ –¥–æ—Å—Ç–æ–≤–µ—Ä–Ω–æ –ø—Ä–∏ –ª—é–±–æ–º $$x_2$$.

- $$\frac{y_1 + y_2}{2} = \frac{y_2 + y_3}{2}$$  
  –û—Ç—Å—é–¥–∞ —Å–ª–µ–¥—É–µ—Ç: $$y_1 = y_3$$ (–ø–æ—Å–∫–æ–ª—å–∫—É $$y_2$$ –æ–¥–∏–Ω–∞–∫–æ–≤–æ –≤–ª–∏—è–µ—Ç –Ω–∞ –æ–±–µ —Å—Ç–æ—Ä–æ–Ω—ã —É—Ä–∞–≤–Ω–µ–Ω–∏—è).

–¢–∞–∫–∏–º –æ–±—Ä–∞–∑–æ–º, –∫–æ–æ—Ä–¥–∏–Ω–∞—Ç—ã —Ç–æ—á–∫–∏ $$M$$: $$M \left( \frac{x_1 + x_2}{2}, \frac{y_1 + y_2}{2} \right)$$.

**–ê–Ω–∞–ª–∏–∑ —Ä–µ—à–µ–Ω–∏—è —É—á–µ–Ω–∏–∫–∞:**  
–£—á–µ–Ω–∏–∫ –Ω–∞—á–∞–ª —Å –≤—ã–≤–æ–¥–æ–≤:
- $$\frac{x_1 + x_2}{2} = \frac{x_2 + x_3}{2}$$
- $$\frac{y_1 + y_2}{2} = \frac{y_2 + y_3}{2}$$

–ó–∞—Ç–µ–º —É–∫–∞–∑–∞–ª, —á—Ç–æ $$x_1 = x_3$$ –∏ $$y_1 = y_3$$.

**–°—Ä–∞–≤–Ω–µ–Ω–∏–µ —Å –º–∞—Ä–∫-—Å—Ö–µ–º–æ–π:**  
1. –ü—Ä–∞–≤–∏–ª—å–Ω–æ –∏—Å–ø–æ–ª—å–∑–æ–≤–∞–Ω–∞ —Ñ–æ—Ä–º—É–ª–∞ –¥–ª—è –Ω–∞—Ö–æ–∂–¥–µ–Ω–∏—è —Å–µ—Ä–µ–¥–∏–Ω—ã –æ—Ç—Ä–µ–∑–∫–∞. (1 –±–∞–ª–ª)
2. –ü—Ä–∞–≤–∏–ª—å–Ω–æ —É—á—Ç–µ–Ω–æ –ø–∞—Ä–∞–ª–ª–µ–ª—å–Ω–æ—Å—Ç—å –æ—Å–∏ –æ—Ä–¥–∏–Ω–∞—Ç –∏ —Å–¥–µ–ª–∞–Ω—ã –≤—ã–≤–æ–¥—ã –æ —Ä–∞–≤–µ–Ω—Å—Ç–≤–µ –∫–æ–æ—Ä–¥–∏–Ω–∞—Ç. (1 –±–∞–ª–ª)
3. –ù–∞–π–¥–µ–Ω–æ –æ–∫–æ–Ω—á–∞—Ç–µ–ª—å–Ω–æ–µ –≤—ã—Ä–∞–∂–µ–Ω–∏–µ –¥–ª—è –∫–æ–æ—Ä–¥–∏–Ω–∞—Ç $$M$$. (1 –±–∞–ª–ª)

**–ò—Ç–æ–≥:**  
–†–µ—à–µ–Ω–∏–µ –ø—Ä–∞–≤–∏–ª—å–Ω–æ. –£—á–µ–Ω–∏–∫ –ª–æ–≥–∏—á–µ—Å–∫–∏ –∏ –ø–æ—Å–ª–µ–¥–æ–≤–∞—Ç–µ–ª—å–Ω–æ –ø–æ–¥–æ—à–µ–ª –∫ –∑–∞–¥–∞—á–µ.

**–¢–∏–ø –æ—à–∏–±–∫–∏:**  
–ü—Ä–∞–≤–∏–ª—å–Ω–æ.

**–û—Ü–µ–Ω–∫–∞: 3 –∏–∑ 3 –±–∞–ª–ª–æ–≤**",2025-04-22 23:22:25,,,
aidana,–ü—Ä—è–º–æ—É–≥–æ–ª—å–Ω–∞—è —Å–∏—Å—Ç–µ–º–∞ –∫–æ–æ—Ä–¥–∏–Ω–∞—Ç –Ω–∞ –ø–ª–æ—Å–∫–æ—Å—Ç–∏,"**–£—Å–ª–æ–≤–∏–µ –∑–∞–¥–∞—á–∏:**  
–ù–∞ –∫–æ–æ—Ä–¥–∏–Ω–∞—Ç–Ω–æ–π –ø–ª–æ—Å–∫–æ—Å—Ç–∏ –¥–∞–Ω—ã —Ç–æ—á–∫–∏ $$A(2, 3)$$ –∏ $$B(8, 15)$$. –ù–∞–π–¥–∏—Ç–µ –∫–æ–æ—Ä–¥–∏–Ω–∞—Ç—ã —Ç–æ—á–∫–∏ $$C$$, –∫–æ—Ç–æ—Ä–∞—è –¥–µ–ª–∏—Ç –æ—Ç—Ä–µ–∑–æ–∫ $$AB$$ –≤ –æ—Ç–Ω–æ—à–µ–Ω–∏–∏ $$2:3$$.","**–†–µ—à–µ–Ω–∏–µ –∑–∞–¥–∞—á–∏:**  
–§–æ—Ä–º—É–ª–∞ –¥–ª—è –Ω–∞—Ö–æ–∂–¥–µ–Ω–∏—è –∫–æ–æ—Ä–¥–∏–Ω–∞—Ç —Ç–æ—á–∫–∏ $$C$$, –∫–æ—Ç–æ—Ä–∞—è –¥–µ–ª–∏—Ç –æ—Ç—Ä–µ–∑–æ–∫ $$AB$$ –≤ –æ—Ç–Ω–æ—à–µ–Ω–∏–∏ $$m:n$$:

$$x_C = \frac{m \cdot x_B + n \cdot x_A}{m+n}, \, y_C = \frac{m \cdot y_B + n \cdot y_A}{m+n}$$

–ü–æ–¥—Å—Ç–∞–≤–∏–º –∑–Ω–∞—á–µ–Ω–∏—è: 

$$m = 2, \, n = 3, \, x_A = 2, \, y_A = 3, \, x_B = 8, \, y_B = 15$$

–¢–æ–≥–¥–∞

$$x_C = \frac{2 \cdot 8 + 3 \cdot 2}{2 + 3} = \frac{16 + 6}{5} = \frac{22}{5} = 4.4$$

$$y_C = \frac{2 \cdot 15 + 3 \cdot 3}{2 + 3} = \frac{30 + 9}{5} = \frac{39}{5} = 7.8$$

–ö–æ–æ—Ä–¥–∏–Ω–∞—Ç—ã —Ç–æ—á–∫–∏ $$C$$: $$(4.4, 7.8)$$.

**–ê–Ω–∞–ª–∏–∑ —Ä–µ—à–µ–Ω–∏—è —É—á–µ–Ω–∏–∫–∞:**  
–£—á–µ–Ω–∏–∫ –ø–æ–¥—Å—Ç–∞–≤–∏–ª —Ñ–æ—Ä–º—É–ª—ã –∫–∞–∫:

$$x_C = \frac{2 \cdot 3 + 3 \cdot 2}{5} = \frac{12}{5}$$

$$y_C = \frac{8 \cdot 3 + 15 \cdot 2}{5} = \frac{54}{5}$$

–ö–æ–æ—Ä–¥–∏–Ω–∞—Ç—ã —Ç–æ—á–∫–∏ $$C$$: $$\left(\frac{12}{5}, \frac{54}{5}\right)$$.

**–°—Ä–∞–≤–Ω–µ–Ω–∏–µ —Å –º–∞—Ä–∫-—Å—Ö–µ–º–æ–π:**  
1. –£—á–µ–Ω–∏–∫ –∏—Å–ø–æ–ª—å–∑—É–µ—Ç —Ñ–æ—Ä–º—É–ª—É –¥–µ–ª–µ–Ω–∏—è –æ—Ç—Ä–µ–∑–∫–∞ –ø—Ä–∞–≤–∏–ª—å–Ω–æ ‚Äì 1 –±–∞–ª–ª.
2. –ü–æ–¥—Å—Ç–∞–Ω–æ–≤–∫–∞ –∑–Ω–∞—á–µ–Ω–∏—è –Ω–µ–¥–æ–ø—Ä–∞–≤–∏–ª—å–Ω–∞ –¥–ª—è $$x$$-–∫–æ–æ—Ä–¥–∏–Ω–∞—Ç—ã, –Ω–æ –ø—Ä–∞–≤–∏–ª—å–Ω–∞ –¥–ª—è $$y$$-–∫–æ–æ—Ä–¥–∏–Ω–∞—Ç—ã (–æ—à–∏–±–∫–∞ –≤ –∏—Å–ø–æ–ª—å–∑–æ–≤–∞–Ω–∏–∏ $$y$$ –≤–º–µ—Å—Ç–æ $$x$$ –¥–ª—è –ø–µ—Ä–≤–æ–π —Ñ–æ—Ä–º—É–ª—ã) ‚Äì 0 –±–∞–ª–ª–æ–≤.
3. –í—ã—á–∏—Å–ª–µ–Ω–∏—è –≤–µ—Ä–Ω—ã –Ω–∞ –æ—Å–Ω–æ–≤–µ –æ—à–∏–±–æ—á–Ω–æ–π –ø–æ–¥—Å—Ç–∞–Ω–æ–≤–∫–∏ ‚Äì 0.5 –±–∞–ª–ª–∞ (—á–∞—Å—Ç–∏—á–Ω–æ).

**–ò—Ç–æ–≥:**  
–†–µ—à–µ–Ω–∏–µ –Ω–µ –ø–æ–ª–Ω–æ—Å—Ç—å—é —É–¥–∞—á–Ω–æ–µ. –ï—Å—Ç—å –æ—à–∏–±–∫–∞ –≤ –ø–æ–¥—Å—Ç–∞–Ω–æ–≤–∫–µ $$x$$-–∫–æ–æ—Ä–¥–∏–Ω–∞—Ç.

**–¢–∏–ø –æ—à–∏–±–∫–∏:**  
–õ–æ–≥–∏—á–µ—Å–∫–∞—è –æ—à–∏–±–∫–∞/–æ—à–∏–±–∫–∞ –≤ –ø–æ–¥—Å—Ç–∞–Ω–æ–≤–∫–µ –∑–Ω–∞—á–µ–Ω–∏–π.

**–û—Ü–µ–Ω–∫–∞: 1.5 –∏–∑ 3 –±–∞–ª–ª–æ–≤**",**,2025-04-22 23:25:10,–õ—ë–≥–∫–∞—è
aidana,"**–£—Å–ª–æ–≤–∏–µ –∑–∞–¥–∞—á–∏:**  
–ù–∞ –∫–æ–æ—Ä–¥–∏–Ω–∞—Ç–Ω–æ–π –ø–ª–æ—Å–∫–æ—Å—Ç–∏ –¥–∞–Ω—ã —Ç–æ—á–∫–∏ $$A(2, 3)$$ –∏ $$B(8, 15)$$. –ù–∞–π–¥–∏—Ç–µ –∫–æ–æ—Ä–¥–∏–Ω–∞—Ç—ã —Ç–æ—á–∫–∏ $$C$$, –∫–æ—Ç–æ—Ä–∞—è –¥–µ–ª–∏—Ç –æ—Ç—Ä–µ–∑–æ–∫ $$AB$$ –≤ –æ—Ç–Ω–æ—à–µ–Ω–∏–∏ $$2:3$$.","**–†–µ—à–µ–Ω–∏–µ –∑–∞–¥–∞—á–∏:**  
–§–æ—Ä–º—É–ª–∞ –¥–ª—è –Ω–∞—Ö–æ–∂–¥–µ–Ω–∏—è –∫–æ–æ—Ä–¥–∏–Ω–∞—Ç —Ç–æ—á–∫–∏ $$C$$, –∫–æ—Ç–æ—Ä–∞—è –¥–µ–ª–∏—Ç –æ—Ç—Ä–µ–∑–æ–∫ $$AB$$ –≤ –æ—Ç–Ω–æ—à–µ–Ω–∏–∏ $$m:n$$:

$$x_C = \frac{m \cdot x_B + n \cdot x_A}{m+n}, \, y_C = \frac{m \cdot y_B + n \cdot y_A}{m+n}$$

–ü–æ–¥—Å—Ç–∞–≤–∏–º –∑–Ω–∞—á–µ–Ω–∏—è: 

$$m = 2, \, n = 3, \, x_A = 2, \, y_A = 3, \, x_B = 8, \, y_B = 15$$

–¢–æ–≥–¥–∞

$$x_C = \frac{2 \cdot 8 + 3 \cdot 2}{2 + 3} = \frac{16 + 6}{5} = \frac{22}{5} = 4.4$$

$$y_C = \frac{2 \cdot 15 + 3 \cdot 3}{2 + 3} = \frac{30 + 9}{5} = \frac{39}{5} = 7.8$$

–ö–æ–æ—Ä–¥–∏–Ω–∞—Ç—ã —Ç–æ—á–∫–∏ $$C$$: $$(4.4, 7.8)$$.

**–ê–Ω–∞–ª–∏–∑ —Ä–µ—à–µ–Ω–∏—è —É—á–µ–Ω–∏–∫–∞:**  
–£—á–µ–Ω–∏–∫ –ø–æ–¥—Å—Ç–∞–≤–∏–ª —Ñ–æ—Ä–º—É–ª—ã –∫–∞–∫:

$$x_C = \frac{2 \cdot 3 + 3 \cdot 2}{5} = \frac{12}{5}$$

$$y_C = \frac{8 \cdot 3 + 15 \cdot 2}{5} = \frac{54}{5}$$

–ö–æ–æ—Ä–¥–∏–Ω–∞—Ç—ã —Ç–æ—á–∫–∏ $$C$$: $$\left(\frac{12}{5}, \frac{54}{5}\right)$$.

**–°—Ä–∞–≤–Ω–µ–Ω–∏–µ —Å –º–∞—Ä–∫-—Å—Ö–µ–º–æ–π:**  
1. –£—á–µ–Ω–∏–∫ –∏—Å–ø–æ–ª—å–∑—É–µ—Ç —Ñ–æ—Ä–º—É–ª—É –¥–µ–ª–µ–Ω–∏—è –æ—Ç—Ä–µ–∑–∫–∞ –ø—Ä–∞–≤–∏–ª—å–Ω–æ ‚Äì 1 –±–∞–ª–ª.
2. –ü–æ–¥—Å—Ç–∞–Ω–æ–≤–∫–∞ –∑–Ω–∞—á–µ–Ω–∏—è –Ω–µ–¥–æ–ø—Ä–∞–≤–∏–ª—å–Ω–∞ –¥–ª—è $$x$$-–∫–æ–æ—Ä–¥–∏–Ω–∞—Ç—ã, –Ω–æ –ø—Ä–∞–≤–∏–ª—å–Ω–∞ –¥–ª—è $$y$$-–∫–æ–æ—Ä–¥–∏–Ω–∞—Ç—ã (–æ—à–∏–±–∫–∞ –≤ –∏—Å–ø–æ–ª—å–∑–æ–≤–∞–Ω–∏–∏ $$y$$ –≤–º–µ—Å—Ç–æ $$x$$ –¥–ª—è –ø–µ—Ä–≤–æ–π —Ñ–æ—Ä–º—É–ª—ã) ‚Äì 0 –±–∞–ª–ª–æ–≤.
3. –í—ã—á–∏—Å–ª–µ–Ω–∏—è –≤–µ—Ä–Ω—ã –Ω–∞ –æ—Å–Ω–æ–≤–µ –æ—à–∏–±–æ—á–Ω–æ–π –ø–æ–¥—Å—Ç–∞–Ω–æ–≤–∫–∏ ‚Äì 0.5 –±–∞–ª–ª–∞ (—á–∞—Å—Ç–∏—á–Ω–æ).

**–ò—Ç–æ–≥:**  
–†–µ—à–µ–Ω–∏–µ –Ω–µ –ø–æ–ª–Ω–æ—Å—Ç—å—é —É–¥–∞—á–Ω–æ–µ. –ï—Å—Ç—å –æ—à–∏–±–∫–∞ –≤ –ø–æ–¥—Å—Ç–∞–Ω–æ–≤–∫–µ $$x$$-–∫–æ–æ—Ä–¥–∏–Ω–∞—Ç.

**–¢–∏–ø –æ—à–∏–±–∫–∏:**  
–õ–æ–≥–∏—á–µ—Å–∫–∞—è –æ—à–∏–±–∫–∞/–æ—à–∏–±–∫–∞ –≤ –ø–æ–¥—Å—Ç–∞–Ω–æ–≤–∫–µ –∑–Ω–∞—á–µ–Ω–∏–π.

**–û—Ü–µ–Ω–∫–∞: 1.5 –∏–∑ 3 –±–∞–ª–ª–æ–≤**",2025-04-22 23:25:10
